0 verbose cli C:\Program Files\nodejs\node.exe C:\Program Files\nodejs\node_modules\npm\bin\npm-cli.js
1 info using npm@11.6.2
2 info using node@v24.13.0
3 silly config load:file:C:\Program Files\nodejs\node_modules\npm\npmrc
4 warn Unknown env config "store-dir". This will stop working in the next major version of npm.
5 silly config load:file:d:\Project\Deepseek harness\.pnpm-store\v11\tmp\_tmp_loSdnw\.npmrc
6 silly config load:file:C:\Users\Kurtw\.npmrc
7 silly config load:file:C:\Users\Kurtw\AppData\Roaming\npm\etc\npmrc
8 verbose title npm install
9 verbose argv "install"
10 verbose logfile logs-max:10 dir:D:\Project\AITutors-v2\.pnpm-cache\_logs\2026-08-17T11_57_33_428Z-
11 verbose logfile D:\Project\AITutors-v2\.pnpm-cache\_logs\2026-08-17T11_57_33_428Z-debug-0.log
12 silly logfile done cleaning log files
13 silly packumentCache heap:4496293888 maxSize:1124073472 maxEntrySize:562036736
14 silly idealTree buildDeps
15 silly reify moves {}
16 silly audit bulk request {
16 silly audit   '@asamuzakjp/css-color': [ '5.1.11' ],
16 silly audit   '@asamuzakjp/dom-selector': [ '7.1.1' ],
16 silly audit   '@asamuzakjp/generational-cache': [ '1.0.1' ],
16 silly audit   '@asamuzakjp/nwsapi': [ '2.3.9' ],
16 silly audit   '@babel/code-frame': [ '7.29.7' ],
16 silly audit   '@babel/helper-validator-identifier': [ '7.29.7' ],
16 silly audit   '@babel/runtime': [ '7.29.7' ],
16 silly audit   '@bramus/specificity': [ '2.4.2' ],
16 silly audit   '@csstools/color-helpers': [ '6.1.0' ],
16 silly audit   '@csstools/css-calc': [ '3.3.0' ],
16 silly audit   '@csstools/css-color-parser': [ '4.1.10' ],
16 silly audit   '@csstools/css-parser-algorithms': [ '4.0.0' ],
16 silly audit   '@csstools/css-syntax-patches-for-csstree': [ '1.1.7' ],
16 silly audit   '@csstools/css-tokenizer': [ '4.0.0' ],
16 silly audit   '@deepseek-ai/cordis': [ '4.0.1' ],
16 silly audit   '@deepseek-ai/cosmokit': [ '1.8.2' ],
16 silly audit   '@deepseek-ai/dsh-client-ui-primitives': [ '0.1.0-rc.6' ],
16 silly audit   '@deepseek-ai/dsh-invariants': [ '0.1.0-rc.6' ],
16 silly audit   '@deepseek-ai/schemastery': [ '3.18.1' ],
16 silly audit   '@exodus/bytes': [ '1.15.1' ],
16 silly audit   '@jridgewell/sourcemap-codec': [ '1.5.5' ],
16 silly audit   '@oxc-project/types': [ '0.144.0' ],
16 silly audit   '@quansync/fs': [ '1.0.0' ],
16 silly audit   '@rolldown/binding-android-arm64': [ '1.2.4' ],
16 silly audit   '@rolldown/binding-darwin-arm64': [ '1.2.4' ],
16 silly audit   '@rolldown/binding-darwin-x64': [ '1.2.4' ],
16 silly audit   '@rolldown/binding-freebsd-x64': [ '1.2.4' ],
16 silly audit   '@rolldown/binding-linux-arm-gnueabihf': [ '1.2.4' ],
16 silly audit   '@rolldown/binding-linux-arm64-gnu': [ '1.2.4' ],
16 silly audit   '@rolldown/binding-linux-arm64-musl': [ '1.2.4' ],
16 silly audit   '@rolldown/binding-linux-ppc64-gnu': [ '1.2.4' ],
16 silly audit   '@rolldown/binding-linux-s390x-gnu': [ '1.2.4' ],
16 silly audit   '@rolldown/binding-linux-x64-gnu': [ '1.2.4' ],
16 silly audit   '@rolldown/binding-linux-x64-musl': [ '1.2.4' ],
16 silly audit   '@rolldown/binding-openharmony-arm64': [ '1.2.4' ],
16 silly audit   '@rolldown/binding-win32-arm64-msvc': [ '1.2.4' ],
16 silly audit   '@rolldown/binding-win32-x64-msvc': [ '1.2.4' ],
16 silly audit   '@rolldown/pluginutils': [ '1.0.1' ],
16 silly audit   '@shikijs/core': [ '4.4.3' ],
16 silly audit   '@shikijs/engine-javascript': [ '4.4.3' ],
16 silly audit   '@shikijs/engine-oniguruma': [ '4.4.3' ],
16 silly audit   '@shikijs/langs': [ '4.4.3' ],
16 silly audit   '@shikijs/primitive': [ '4.4.3' ],
16 silly audit   '@shikijs/themes': [ '4.4.3' ],
16 silly audit   '@shikijs/types': [ '4.4.3' ],
16 silly audit   '@shikijs/vscode-textmate': [ '10.0.2' ],
16 silly audit   '@standard-schema/spec': [ '1.1.0' ],
16 silly audit   '@testing-library/dom': [ '10.4.1' ],
16 silly audit   '@testing-library/react': [ '16.3.2' ],
16 silly audit   '@types/aria-query': [ '5.0.4' ],
16 silly audit   '@types/chai': [ '5.2.3' ],
16 silly audit   '@types/debug': [ '4.1.13' ],
16 silly audit   '@types/deep-eql': [ '4.0.2' ],
16 silly audit   '@types/estree': [ '1.0.9' ],
16 silly audit   '@types/hast': [ '3.0.5' ],
16 silly audit   '@types/js-yaml': [ '4.0.9' ],
16 silly audit   '@types/katex': [ '0.16.8' ],
16 silly audit   '@types/mdast': [ '4.0.4' ],
16 silly audit   '@types/ms': [ '2.1.0' ],
16 silly audit   '@types/node': [ '26.2.0' ],
16 silly audit   '@types/prop-types': [ '15.7.15' ],
16 silly audit   '@types/react': [ '18.3.31' ],
16 silly audit   '@types/unist': [ '3.0.3' ],
16 silly audit   '@typescript/typescript-aix-ppc64': [ '7.0.2' ],
16 silly audit   '@typescript/typescript-darwin-arm64': [ '7.0.2' ],
16 silly audit   '@typescript/typescript-darwin-x64': [ '7.0.2' ],
16 silly audit   '@typescript/typescript-freebsd-arm64': [ '7.0.2' ],
16 silly audit   '@typescript/typescript-freebsd-x64': [ '7.0.2' ],
16 silly audit   '@typescript/typescript-linux-arm': [ '7.0.2' ],
16 silly audit   '@typescript/typescript-linux-arm64': [ '7.0.2' ],
16 silly audit   '@typescript/typescript-linux-loong64': [ '7.0.2' ],
16 silly audit   '@typescript/typescript-linux-mips64el': [ '7.0.2' ],
16 silly audit   '@typescript/typescript-linux-ppc64': [ '7.0.2' ],
16 silly audit   '@typescript/typescript-linux-riscv64': [ '7.0.2' ],
16 silly audit   '@typescript/typescript-linux-s390x': [ '7.0.2' ],
16 silly audit   '@typescript/typescript-linux-x64': [ '7.0.2' ],
16 silly audit   '@typescript/typescript-netbsd-arm64': [ '7.0.2' ],
16 silly audit   '@typescript/typescript-netbsd-x64': [ '7.0.2' ],
16 silly audit   '@typescript/typescript-openbsd-arm64': [ '7.0.2' ],
16 silly audit   '@typescript/typescript-openbsd-x64': [ '7.0.2' ],
16 silly audit   '@typescript/typescript-sunos-x64': [ '7.0.2' ],
16 silly audit   '@typescript/typescript-win32-arm64': [ '7.0.2' ],
16 silly audit   '@typescript/typescript-win32-x64': [ '7.0.2' ],
16 silly audit   '@ungap/structured-clone': [ '1.3.3' ],
16 silly audit   '@vitest/expect': [ '4.1.10' ],
16 silly audit   '@vitest/mocker': [ '4.1.10' ],
16 silly audit   '@vitest/pretty-format': [ '4.1.10' ],
16 silly audit   '@vitest/runner': [ '4.1.10' ],
16 silly audit   '@vitest/snapshot': [ '4.1.10' ],
16 silly audit   '@vitest/spy': [ '4.1.10' ],
16 silly audit   '@vitest/utils': [ '4.1.10' ],
16 silly audit   '@yuku-codegen/binding-android-arm64': [ '0.8.7' ],
16 silly audit   '@yuku-codegen/binding-darwin-arm64': [ '0.8.7' ],
16 silly audit   '@yuku-codegen/binding-darwin-x64': [ '0.8.7' ],
16 silly audit   '@yuku-codegen/binding-freebsd-x64': [ '0.8.7' ],
16 silly audit   '@yuku-codegen/binding-linux-arm-gnu': [ '0.8.7' ],
16 silly audit   '@yuku-codegen/binding-linux-arm-musl': [ '0.8.7' ],
16 silly audit   '@yuku-codegen/binding-linux-arm64-gnu': [ '0.8.7' ],
16 silly audit   '@yuku-codegen/binding-linux-arm64-musl': [ '0.8.7' ],
16 silly audit   '@yuku-codegen/binding-linux-x64-gnu': [ '0.8.7' ],
16 silly audit   '@yuku-codegen/binding-linux-x64-musl': [ '0.8.7' ],
16 silly audit   '@yuku-codegen/binding-win32-arm64': [ '0.8.7' ],
16 silly audit   '@yuku-codegen/binding-win32-x64': [ '0.8.7' ],
16 silly audit   '@yuku-parser/binding-android-arm64': [ '0.8.7' ],
16 silly audit   '@yuku-parser/binding-darwin-arm64': [ '0.8.7' ],
16 silly audit   '@yuku-parser/binding-darwin-x64': [ '0.8.7' ],
16 silly audit   '@yuku-parser/binding-freebsd-x64': [ '0.8.7' ],
16 silly audit   '@yuku-parser/binding-linux-arm-gnu': [ '0.8.7' ],
16 silly audit   '@yuku-parser/binding-linux-arm-musl': [ '0.8.7' ],
16 silly audit   '@yuku-parser/binding-linux-arm64-gnu': [ '0.8.7' ],
16 silly audit   '@yuku-parser/binding-linux-arm64-musl': [ '0.8.7' ],
16 silly audit   '@yuku-parser/binding-linux-x64-gnu': [ '0.8.7' ],
16 silly audit   '@yuku-parser/binding-linux-x64-musl': [ '0.8.7' ],
16 silly audit   '@yuku-parser/binding-win32-arm64': [ '0.8.7' ],
16 silly audit   '@yuku-parser/binding-win32-x64': [ '0.8.7' ],
16 silly audit   '@yuku-toolchain/types': [ '0.8.7' ],
16 silly audit   anser: [ '2.3.5' ],
16 silly audit   'ansi-regex': [ '5.0.1' ],
16 silly audit   'ansi-styles': [ '5.2.0' ],
16 silly audit   ansis: [ '4.3.1' ],
16 silly audit   argparse: [ '2.0.1' ],
16 silly audit   'aria-query': [ '5.3.0' ],
16 silly audit   'assertion-error': [ '2.0.1' ],
16 silly audit   'bidi-js': [ '1.0.3' ],
16 silly audit   cac: [ '7.0.0' ],
16 silly audit   ccount: [ '2.0.1' ],
16 silly audit   chai: [ '6.2.2' ],
16 silly audit   'character-entities': [ '2.0.2' ],
16 silly audit   'character-entities-html4': [ '2.1.0' ],
16 silly audit   'character-entities-legacy': [ '3.0.0' ],
16 silly audit   clsx: [ '2.1.1' ],
16 silly audit   'comma-separated-tokens': [ '2.0.3' ],
16 silly audit   commander: [ '8.3.0' ],
16 silly audit   'convert-source-map': [ '2.0.0' ],
16 silly audit   'css-tree': [ '3.2.1' ],
16 silly audit   csstype: [ '3.2.3' ],
16 silly audit   'data-urls': [ '7.0.0' ],
16 silly audit   debug: [ '4.4.3' ],
16 silly audit   'decimal.js': [ '10.6.0' ],
16 silly audit   'decode-named-character-reference': [ '1.3.0' ],
16 silly audit   defu: [ '6.1.7' ],
16 silly audit   dequal: [ '2.0.3' ],
16 silly audit   'detect-libc': [ '2.1.2' ],
16 silly audit   devlop: [ '1.1.0' ],
16 silly audit   'dom-accessibility-api': [ '0.5.16' ],
16 silly audit   'dts-resolver': [ '3.0.0' ],
16 silly audit   empathic: [ '2.0.1' ],
16 silly audit   entities: [ '8.0.0' ],
16 silly audit   'es-module-lexer': [ '2.3.1' ],
16 silly audit   'escape-string-regexp': [ '5.0.0' ],
16 silly audit   'estree-walker': [ '3.0.3' ],
16 silly audit   'expect-type': [ '1.4.0' ],
16 silly audit   fdir: [ '6.5.0' ],
16 silly audit   fsevents: [ '2.3.3', '2.3.2' ],
16 silly audit   'get-tsconfig': [ '5.0.0-beta.5' ],
16 silly audit   'hast-util-to-html': [ '9.0.5' ],
16 silly audit   'hast-util-whitespace': [ '3.0.0' ],
16 silly audit   hookable: [ '6.1.1' ],
16 silly audit   'html-encoding-sniffer': [ '6.0.0' ],
16 silly audit   'html-void-elements': [ '3.0.0' ],
16 silly audit   'import-without-cache': [ '0.4.0' ],
16 silly audit   'is-potential-custom-element-name': [ '1.0.1' ],
16 silly audit   'js-tokens': [ '4.0.0' ],
16 silly audit   'js-yaml': [ '4.3.1' ],
16 silly audit   jsdom: [ '29.1.1' ],
16 silly audit   katex: [ '0.16.47' ],
16 silly audit   lightningcss: [ '1.33.0' ],
16 silly audit   'lightningcss-android-arm64': [ '1.33.0' ],
16 silly audit   'lightningcss-darwin-arm64': [ '1.33.0' ],
16 silly audit   'lightningcss-darwin-x64': [ '1.33.0' ],
16 silly audit   'lightningcss-freebsd-x64': [ '1.33.0' ],
16 silly audit   'lightningcss-linux-arm-gnueabihf': [ '1.33.0' ],
16 silly audit   'lightningcss-linux-arm64-gnu': [ '1.33.0' ],
16 silly audit   'lightningcss-linux-arm64-musl': [ '1.33.0' ],
16 silly audit   'lightningcss-linux-x64-gnu': [ '1.33.0' ],
16 silly audit   'lightningcss-linux-x64-musl': [ '1.33.0' ],
16 silly audit   'lightningcss-win32-arm64-msvc': [ '1.33.0' ],
16 silly audit   'lightningcss-win32-x64-msvc': [ '1.33.0' ],
16 silly audit   'longest-streak': [ '3.1.0' ],
16 silly audit   'loose-envify': [ '1.4.0' ],
16 silly audit   'lru-cache': [ '11.5.2' ],
16 silly audit   'lz-string': [ '1.5.0' ],
16 silly audit   'magic-string': [ '0.30.21' ],
16 silly audit   'markdown-table': [ '3.0.4' ],
16 silly audit   'mdast-util-find-and-replace': [ '3.0.2' ],
16 silly audit   'mdast-util-from-markdown': [ '2.0.3' ],
16 silly audit   'mdast-util-gfm': [ '3.1.0' ],
16 silly audit   'mdast-util-gfm-autolink-literal': [ '2.0.1' ],
16 silly audit   'mdast-util-gfm-footnote': [ '2.1.0' ],
16 silly audit   'mdast-util-gfm-strikethrough': [ '2.0.0' ],
16 silly audit   'mdast-util-gfm-table': [ '2.0.0' ],
16 silly audit   'mdast-util-gfm-task-list-item': [ '2.0.0' ],
16 silly audit   'mdast-util-math': [ '3.0.0' ],
16 silly audit   'mdast-util-phrasing': [ '4.1.0' ],
16 silly audit   'mdast-util-to-hast': [ '13.2.1' ],
16 silly audit   'mdast-util-to-markdown': [ '2.1.2' ],
16 silly audit   'mdast-util-to-string': [ '4.0.0' ],
16 silly audit   'mdn-data': [ '2.27.1' ],
16 silly audit   micromark: [ '4.0.2' ],
16 silly audit   'micromark-core-commonmark': [ '2.0.3' ],
16 silly audit   'micromark-extension-gfm': [ '3.0.0' ],
16 silly audit   'micromark-extension-gfm-autolink-literal': [ '2.1.0' ],
16 silly audit   'micromark-extension-gfm-footnote': [ '2.1.0' ],
16 silly audit   'micromark-extension-gfm-strikethrough': [ '2.1.0' ],
16 silly audit   'micromark-extension-gfm-table': [ '2.1.1' ],
16 silly audit   'micromark-extension-gfm-tagfilter': [ '2.0.0' ],
16 silly audit   'micromark-extension-gfm-task-list-item': [ '2.1.0' ],
16 silly audit   'micromark-extension-math': [ '3.1.0' ],
16 silly audit   'micromark-factory-destination': [ '2.0.1' ],
16 silly audit   'micromark-factory-label': [ '2.0.1' ],
16 silly audit   'micromark-factory-space': [ '2.0.1' ],
16 silly audit   'micromark-factory-title': [ '2.0.1' ],
16 silly audit   'micromark-factory-whitespace': [ '2.0.1' ],
16 silly audit   'micromark-util-character': [ '2.1.1' ],
16 silly audit   'micromark-util-chunked': [ '2.0.1' ],
16 silly audit   'micromark-util-classify-character': [ '2.0.1' ],
16 silly audit   'micromark-util-combine-extensions': [ '2.0.1' ],
16 silly audit   'micromark-util-decode-numeric-character-reference': [ '2.0.2' ],
16 silly audit   'micromark-util-decode-string': [ '2.0.1' ],
16 silly audit   'micromark-util-encode': [ '2.0.1' ],
16 silly audit   'micromark-util-html-tag-name': [ '2.0.1' ],
16 silly audit   'micromark-util-normalize-identifier': [ '2.0.1' ],
16 silly audit   'micromark-util-resolve-all': [ '2.0.1' ],
16 silly audit   'micromark-util-sanitize-uri': [ '2.0.1' ],
16 silly audit   'micromark-util-subtokenize': [ '2.1.0' ],
16 silly audit   'micromark-util-symbol': [ '2.0.1' ],
16 silly audit   'micromark-util-types': [ '2.0.2' ],
16 silly audit   ms: [ '2.1.3' ],
16 silly audit   nanoid: [ '3.3.18' ],
16 silly audit   obug: [ '2.1.4' ],
16 silly audit   'oniguruma-parser': [ '0.12.2' ],
16 silly audit   'oniguruma-to-es': [ '4.3.6' ],
16 silly audit   parse5: [ '8.0.1' ],
16 silly audit   pathe: [ '2.0.3' ],
16 silly audit   picocolors: [ '1.1.1' ],
16 silly audit   picomatch: [ '4.0.5' ],
16 silly audit   playwright: [ '1.62.1' ],
16 silly audit   'playwright-core': [ '1.62.1' ],
16 silly audit   postcss: [ '8.5.26' ],
16 silly audit   'pretty-format': [ '27.5.1' ],
16 silly audit   'property-information': [ '7.2.0' ],
16 silly audit   punycode: [ '2.3.1' ],
16 silly audit   quansync: [ '1.0.0' ],
16 silly audit   react: [ '18.3.1' ],
16 silly audit   'react-dom': [ '18.3.1' ],
16 silly audit   'react-is': [ '17.0.2' ],
16 silly audit   regex: [ '6.1.0' ],
16 silly audit   'regex-recursion': [ '6.0.2' ],
16 silly audit   'regex-utilities': [ '2.3.0' ],
16 silly audit   'require-from-string': [ '2.0.2' ],
16 silly audit   'resolve-pkg-maps': [ '1.0.0' ],
16 silly audit   rolldown: [ '1.2.4' ],
16 silly audit   'rolldown-plugin-dts': [ '0.27.14' ],
16 silly audit   saxes: [ '6.0.0' ],
16 silly audit   scheduler: [ '0.23.2' ],
16 silly audit   shiki: [ '4.4.3' ],
16 silly audit   siginfo: [ '2.0.0' ],
16 silly audit   'source-map-js': [ '1.2.1' ],
16 silly audit   'space-separated-tokens': [ '2.0.2' ],
16 silly audit   stackback: [ '0.0.2' ],
16 silly audit   'std-env': [ '4.2.0' ],
16 silly audit   'stringify-entities': [ '4.0.4' ],
16 silly audit   'symbol-tree': [ '3.2.4' ],
16 silly audit   tinybench: [ '2.9.0' ],
16 silly audit   tinyexec: [ '1.3.0' ],
16 silly audit   tinyglobby: [ '0.2.17' ],
16 silly audit   tinyrainbow: [ '3.1.1' ],
16 silly audit   tldts: [ '7.4.10' ],
16 silly audit   'tldts-core': [ '7.4.10' ],
16 silly audit   'tough-cookie': [ '6.0.2' ],
16 silly audit   tr46: [ '6.0.0' ],
16 silly audit   'tree-kill': [ '1.2.2' ],
16 silly audit   'trim-lines': [ '3.0.1' ],
16 silly audit   tsdown: [ '0.22.14' ],
16 silly audit   typescript: [ '7.0.2' ],
16 silly audit   'unconfig-core': [ '7.5.0' ],
16 silly audit   undici: [ '7.29.0' ],
16 silly audit   'undici-types': [ '8.3.0' ],
16 silly audit   'unist-util-is': [ '6.0.1' ],
16 silly audit   'unist-util-position': [ '5.0.0' ],
16 silly audit   'unist-util-remove-position': [ '5.0.0' ],
16 silly audit   'unist-util-stringify-position': [ '4.0.0' ],
16 silly audit   'unist-util-visit': [ '5.1.0' ],
16 silly audit   'unist-util-visit-parents': [ '6.0.2' ],
16 silly audit   verkit: [ '0.3.2' ],
16 silly audit   vfile: [ '6.0.3' ],
16 silly audit   'vfile-message': [ '4.0.3' ],
16 silly audit   vite: [ '8.2.1' ],
16 silly audit   vitest: [ '4.1.10' ],
16 silly audit   'w3c-xmlserializer': [ '5.0.0' ],
16 silly audit   'webidl-conversions': [ '8.0.1' ],
16 silly audit   'whatwg-mimetype': [ '5.0.0' ],
16 silly audit   'whatwg-url': [ '16.0.1' ],
16 silly audit   'why-is-node-running': [ '2.3.0' ],
16 silly audit   'xml-name-validator': [ '5.0.0' ],
16 silly audit   xmlchars: [ '2.2.0' ],
16 silly audit   'yuku-ast': [ '0.8.7' ],
16 silly audit   'yuku-codegen': [ '0.8.7' ],
16 silly audit   'yuku-parser': [ '0.8.7' ],
16 silly audit   zwitch: [ '2.0.4' ]
16 silly audit }
17 http cache zwitch@https://registry.npmjs.org/zwitch/-/zwitch-2.0.4.tgz 0ms (cache hit)
18 http cache yuku-ast@https://registry.npmjs.org/yuku-ast/-/yuku-ast-0.8.7.tgz 0ms (cache hit)
19 http cache xmlchars@https://registry.npmjs.org/xmlchars/-/xmlchars-2.2.0.tgz 0ms (cache hit)
20 http cache yuku-parser@https://registry.npmjs.org/yuku-parser/-/yuku-parser-0.8.7.tgz 0ms (cache hit)
21 http cache yuku-codegen@https://registry.npmjs.org/yuku-codegen/-/yuku-codegen-0.8.7.tgz 0ms (cache hit)
22 http cache why-is-node-running@https://registry.npmjs.org/why-is-node-running/-/why-is-node-running-2.3.0.tgz 0ms (cache hit)
23 http cache whatwg-url@https://registry.npmjs.org/whatwg-url/-/whatwg-url-16.0.1.tgz 0ms (cache hit)
24 http cache webidl-conversions@https://registry.npmjs.org/webidl-conversions/-/webidl-conversions-8.0.1.tgz 0ms (cache hit)
25 http cache xml-name-validator@https://registry.npmjs.org/xml-name-validator/-/xml-name-validator-5.0.0.tgz 0ms (cache hit)
26 http cache whatwg-mimetype@https://registry.npmjs.org/whatwg-mimetype/-/whatwg-mimetype-5.0.0.tgz 0ms (cache hit)
27 http cache w3c-xmlserializer@https://registry.npmjs.org/w3c-xmlserializer/-/w3c-xmlserializer-5.0.0.tgz 0ms (cache hit)
28 http cache vitest@https://registry.npmjs.org/vitest/-/vitest-4.1.10.tgz 0ms (cache hit)
29 http cache vite@https://registry.npmjs.org/vite/-/vite-8.2.1.tgz 0ms (cache hit)
30 http cache verkit@https://registry.npmjs.org/verkit/-/verkit-0.3.2.tgz 0ms (cache hit)
31 http cache vfile-message@https://registry.npmjs.org/vfile-message/-/vfile-message-4.0.3.tgz 0ms (cache hit)
32 http cache vfile@https://registry.npmjs.org/vfile/-/vfile-6.0.3.tgz 0ms (cache hit)
33 http cache unist-util-visit-parents@https://registry.npmjs.org/unist-util-visit-parents/-/unist-util-visit-parents-6.0.2.tgz 0ms (cache hit)
34 http cache unist-util-remove-position@https://registry.npmjs.org/unist-util-remove-position/-/unist-util-remove-position-5.0.0.tgz 0ms (cache hit)
35 http cache unist-util-visit@https://registry.npmjs.org/unist-util-visit/-/unist-util-visit-5.1.0.tgz 0ms (cache hit)
36 http cache unist-util-stringify-position@https://registry.npmjs.org/unist-util-stringify-position/-/unist-util-stringify-position-4.0.0.tgz 0ms (cache hit)
37 http cache unist-util-position@https://registry.npmjs.org/unist-util-position/-/unist-util-position-5.0.0.tgz 0ms (cache hit)
38 http cache unist-util-is@https://registry.npmjs.org/unist-util-is/-/unist-util-is-6.0.1.tgz 0ms (cache hit)
39 http cache undici@https://registry.npmjs.org/undici/-/undici-7.29.0.tgz 0ms (cache hit)
40 http cache unconfig-core@https://registry.npmjs.org/unconfig-core/-/unconfig-core-7.5.0.tgz 0ms (cache hit)
41 http cache undici-types@https://registry.npmjs.org/undici-types/-/undici-types-8.3.0.tgz 0ms (cache hit)
42 http cache tsdown@https://registry.npmjs.org/tsdown/-/tsdown-0.22.14.tgz 0ms (cache hit)
43 http cache typescript@https://registry.npmjs.org/typescript/-/typescript-7.0.2.tgz 0ms (cache hit)
44 http cache tr46@https://registry.npmjs.org/tr46/-/tr46-6.0.0.tgz 0ms (cache hit)
45 http cache tree-kill@https://registry.npmjs.org/tree-kill/-/tree-kill-1.2.2.tgz 0ms (cache hit)
46 http cache trim-lines@https://registry.npmjs.org/trim-lines/-/trim-lines-3.0.1.tgz 0ms (cache hit)
47 http cache tldts@https://registry.npmjs.org/tldts/-/tldts-7.4.10.tgz 0ms (cache hit)
48 http cache tough-cookie@https://registry.npmjs.org/tough-cookie/-/tough-cookie-6.0.2.tgz 0ms (cache hit)
49 http cache tinyrainbow@https://registry.npmjs.org/tinyrainbow/-/tinyrainbow-3.1.1.tgz 0ms (cache hit)
50 http cache tldts-core@https://registry.npmjs.org/tldts-core/-/tldts-core-7.4.10.tgz 0ms (cache hit)
51 http cache tinyglobby@https://registry.npmjs.org/tinyglobby/-/tinyglobby-0.2.17.tgz 0ms (cache hit)
52 http cache tinyexec@https://registry.npmjs.org/tinyexec/-/tinyexec-1.3.0.tgz 0ms (cache hit)
53 http cache symbol-tree@https://registry.npmjs.org/symbol-tree/-/symbol-tree-3.2.4.tgz 0ms (cache hit)
54 http cache tinybench@https://registry.npmjs.org/tinybench/-/tinybench-2.9.0.tgz 0ms (cache hit)
55 http cache stringify-entities@https://registry.npmjs.org/stringify-entities/-/stringify-entities-4.0.4.tgz 0ms (cache hit)
56 http cache std-env@https://registry.npmjs.org/std-env/-/std-env-4.2.0.tgz 0ms (cache hit)
57 http cache stackback@https://registry.npmjs.org/stackback/-/stackback-0.0.2.tgz 0ms (cache hit)
58 http cache source-map-js@https://registry.npmjs.org/source-map-js/-/source-map-js-1.2.1.tgz 0ms (cache hit)
59 http cache shiki@https://registry.npmjs.org/shiki/-/shiki-4.4.3.tgz 0ms (cache hit)
60 http cache scheduler@https://registry.npmjs.org/scheduler/-/scheduler-0.23.2.tgz 0ms (cache hit)
61 http cache rolldown-plugin-dts@https://registry.npmjs.org/rolldown-plugin-dts/-/rolldown-plugin-dts-0.27.14.tgz 0ms (cache hit)
62 http cache siginfo@https://registry.npmjs.org/siginfo/-/siginfo-2.0.0.tgz 0ms (cache hit)
63 http cache rolldown@https://registry.npmjs.org/rolldown/-/rolldown-1.2.4.tgz 0ms (cache hit)
64 http cache saxes@https://registry.npmjs.org/saxes/-/saxes-6.0.0.tgz 0ms (cache hit)
65 http cache space-separated-tokens@https://registry.npmjs.org/space-separated-tokens/-/space-separated-tokens-2.0.2.tgz 0ms (cache hit)
66 http cache resolve-pkg-maps@https://registry.npmjs.org/resolve-pkg-maps/-/resolve-pkg-maps-1.0.0.tgz 0ms (cache hit)
67 http cache regex-recursion@https://registry.npmjs.org/regex-recursion/-/regex-recursion-6.0.2.tgz 0ms (cache hit)
68 http cache regex-utilities@https://registry.npmjs.org/regex-utilities/-/regex-utilities-2.3.0.tgz 0ms (cache hit)
69 http cache regex@https://registry.npmjs.org/regex/-/regex-6.1.0.tgz 0ms (cache hit)
70 http cache react-dom@https://registry.npmjs.org/react-dom/-/react-dom-18.3.1.tgz 0ms (cache hit)
71 http cache require-from-string@https://registry.npmjs.org/require-from-string/-/require-from-string-2.0.2.tgz 0ms (cache hit)
72 http cache react-is@https://registry.npmjs.org/react-is/-/react-is-17.0.2.tgz 0ms (cache hit)
73 http cache react@https://registry.npmjs.org/react/-/react-18.3.1.tgz 0ms (cache hit)
74 http cache quansync@https://registry.npmjs.org/quansync/-/quansync-1.0.0.tgz 0ms (cache hit)
75 http cache punycode@https://registry.npmjs.org/punycode/-/punycode-2.3.1.tgz 0ms (cache hit)
76 http cache property-information@https://registry.npmjs.org/property-information/-/property-information-7.2.0.tgz 0ms (cache hit)
77 http cache playwright-core@https://registry.npmjs.org/playwright-core/-/playwright-core-1.62.1.tgz 0ms (cache hit)
78 http cache pretty-format@https://registry.npmjs.org/pretty-format/-/pretty-format-27.5.1.tgz 0ms (cache hit)
79 http cache postcss@https://registry.npmjs.org/postcss/-/postcss-8.5.26.tgz 0ms (cache hit)
80 http cache playwright@https://registry.npmjs.org/playwright/-/playwright-1.62.1.tgz 0ms (cache hit)
81 http cache pathe@https://registry.npmjs.org/pathe/-/pathe-2.0.3.tgz 0ms (cache hit)
82 http cache picomatch@https://registry.npmjs.org/picomatch/-/picomatch-4.0.5.tgz 0ms (cache hit)
83 http cache picocolors@https://registry.npmjs.org/picocolors/-/picocolors-1.1.1.tgz 0ms (cache hit)
84 http cache oniguruma-parser@https://registry.npmjs.org/oniguruma-parser/-/oniguruma-parser-0.12.2.tgz 0ms (cache hit)
85 http cache nanoid@https://registry.npmjs.org/nanoid/-/nanoid-3.3.18.tgz 0ms (cache hit)
86 http cache oniguruma-to-es@https://registry.npmjs.org/oniguruma-to-es/-/oniguruma-to-es-4.3.6.tgz 0ms (cache hit)
87 http cache parse5@https://registry.npmjs.org/parse5/-/parse5-8.0.1.tgz 0ms (cache hit)
88 http cache obug@https://registry.npmjs.org/obug/-/obug-2.1.4.tgz 0ms (cache hit)
89 http cache micromark-util-symbol@https://registry.npmjs.org/micromark-util-symbol/-/micromark-util-symbol-2.0.1.tgz 0ms (cache hit)
90 http cache micromark-util-types@https://registry.npmjs.org/micromark-util-types/-/micromark-util-types-2.0.2.tgz 0ms (cache hit)
91 http cache micromark-util-subtokenize@https://registry.npmjs.org/micromark-util-subtokenize/-/micromark-util-subtokenize-2.1.0.tgz 0ms (cache hit)
92 http cache ms@https://registry.npmjs.org/ms/-/ms-2.1.3.tgz 0ms (cache hit)
93 http cache micromark-util-sanitize-uri@https://registry.npmjs.org/micromark-util-sanitize-uri/-/micromark-util-sanitize-uri-2.0.1.tgz 0ms (cache hit)
94 http cache micromark-util-html-tag-name@https://registry.npmjs.org/micromark-util-html-tag-name/-/micromark-util-html-tag-name-2.0.1.tgz 0ms (cache hit)
95 http cache micromark-util-normalize-identifier@https://registry.npmjs.org/micromark-util-normalize-identifier/-/micromark-util-normalize-identifier-2.0.1.tgz 0ms (cache hit)
96 http cache micromark-util-resolve-all@https://registry.npmjs.org/micromark-util-resolve-all/-/micromark-util-resolve-all-2.0.1.tgz 0ms (cache hit)
97 http cache micromark-util-decode-string@https://registry.npmjs.org/micromark-util-decode-string/-/micromark-util-decode-string-2.0.1.tgz 0ms (cache hit)
98 http cache micromark-util-decode-numeric-character-reference@https://registry.npmjs.org/micromark-util-decode-numeric-character-reference/-/micromark-util-decode-numeric-character-reference-2.0.2.tgz 0ms (cache hit)
99 http cache micromark-util-encode@https://registry.npmjs.org/micromark-util-encode/-/micromark-util-encode-2.0.1.tgz 0ms (cache hit)
100 http cache micromark-util-classify-character@https://registry.npmjs.org/micromark-util-classify-character/-/micromark-util-classify-character-2.0.1.tgz 0ms (cache hit)
101 http cache micromark-util-combine-extensions@https://registry.npmjs.org/micromark-util-combine-extensions/-/micromark-util-combine-extensions-2.0.1.tgz 0ms (cache hit)
102 http cache micromark-util-chunked@https://registry.npmjs.org/micromark-util-chunked/-/micromark-util-chunked-2.0.1.tgz 0ms (cache hit)
103 http cache micromark-factory-whitespace@https://registry.npmjs.org/micromark-factory-whitespace/-/micromark-factory-whitespace-2.0.1.tgz 0ms (cache hit)
104 http cache micromark-util-character@https://registry.npmjs.org/micromark-util-character/-/micromark-util-character-2.1.1.tgz 0ms (cache hit)
105 http cache micromark-factory-title@https://registry.npmjs.org/micromark-factory-title/-/micromark-factory-title-2.0.1.tgz 0ms (cache hit)
106 http cache micromark-factory-space@https://registry.npmjs.org/micromark-factory-space/-/micromark-factory-space-2.0.1.tgz 0ms (cache hit)
107 http cache micromark-factory-destination@https://registry.npmjs.org/micromark-factory-destination/-/micromark-factory-destination-2.0.1.tgz 0ms (cache hit)
108 http cache micromark-extension-math@https://registry.npmjs.org/micromark-extension-math/-/micromark-extension-math-3.1.0.tgz 0ms (cache hit)
109 http cache micromark-factory-label@https://registry.npmjs.org/micromark-factory-label/-/micromark-factory-label-2.0.1.tgz 0ms (cache hit)
110 http cache micromark-extension-gfm-strikethrough@https://registry.npmjs.org/micromark-extension-gfm-strikethrough/-/micromark-extension-gfm-strikethrough-2.1.0.tgz 0ms (cache hit)
111 http cache micromark-extension-gfm-table@https://registry.npmjs.org/micromark-extension-gfm-table/-/micromark-extension-gfm-table-2.1.1.tgz 0ms (cache hit)
112 http cache micromark-extension-gfm-task-list-item@https://registry.npmjs.org/micromark-extension-gfm-task-list-item/-/micromark-extension-gfm-task-list-item-2.1.0.tgz 0ms (cache hit)
113 http cache micromark-extension-gfm-tagfilter@https://registry.npmjs.org/micromark-extension-gfm-tagfilter/-/micromark-extension-gfm-tagfilter-2.0.0.tgz 0ms (cache hit)
114 http cache micromark-extension-gfm@https://registry.npmjs.org/micromark-extension-gfm/-/micromark-extension-gfm-3.0.0.tgz 0ms (cache hit)
115 http cache micromark-core-commonmark@https://registry.npmjs.org/micromark-core-commonmark/-/micromark-core-commonmark-2.0.3.tgz 0ms (cache hit)
116 http cache micromark-extension-gfm-autolink-literal@https://registry.npmjs.org/micromark-extension-gfm-autolink-literal/-/micromark-extension-gfm-autolink-literal-2.1.0.tgz 0ms (cache hit)
117 http cache micromark-extension-gfm-footnote@https://registry.npmjs.org/micromark-extension-gfm-footnote/-/micromark-extension-gfm-footnote-2.1.0.tgz 0ms (cache hit)
118 http cache mdast-util-to-markdown@https://registry.npmjs.org/mdast-util-to-markdown/-/mdast-util-to-markdown-2.1.2.tgz 0ms (cache hit)
119 http cache mdn-data@https://registry.npmjs.org/mdn-data/-/mdn-data-2.27.1.tgz 0ms (cache hit)
120 http cache mdast-util-to-string@https://registry.npmjs.org/mdast-util-to-string/-/mdast-util-to-string-4.0.0.tgz 0ms (cache hit)
121 http cache micromark@https://registry.npmjs.org/micromark/-/micromark-4.0.2.tgz 0ms (cache hit)
122 http cache mdast-util-phrasing@https://registry.npmjs.org/mdast-util-phrasing/-/mdast-util-phrasing-4.1.0.tgz 0ms (cache hit)
123 http cache mdast-util-to-hast@https://registry.npmjs.org/mdast-util-to-hast/-/mdast-util-to-hast-13.2.1.tgz 0ms (cache hit)
124 http cache mdast-util-math@https://registry.npmjs.org/mdast-util-math/-/mdast-util-math-3.0.0.tgz 0ms (cache hit)
125 http cache mdast-util-gfm-table@https://registry.npmjs.org/mdast-util-gfm-table/-/mdast-util-gfm-table-2.0.0.tgz 0ms (cache hit)
126 http cache mdast-util-gfm-task-list-item@https://registry.npmjs.org/mdast-util-gfm-task-list-item/-/mdast-util-gfm-task-list-item-2.0.0.tgz 0ms (cache hit)
127 http cache mdast-util-gfm-footnote@https://registry.npmjs.org/mdast-util-gfm-footnote/-/mdast-util-gfm-footnote-2.1.0.tgz 0ms (cache hit)
128 http cache mdast-util-gfm-strikethrough@https://registry.npmjs.org/mdast-util-gfm-strikethrough/-/mdast-util-gfm-strikethrough-2.0.0.tgz 0ms (cache hit)
129 http cache mdast-util-gfm-autolink-literal@https://registry.npmjs.org/mdast-util-gfm-autolink-literal/-/mdast-util-gfm-autolink-literal-2.0.1.tgz 0ms (cache hit)
130 http cache mdast-util-from-markdown@https://registry.npmjs.org/mdast-util-from-markdown/-/mdast-util-from-markdown-2.0.3.tgz 0ms (cache hit)
131 http cache mdast-util-gfm@https://registry.npmjs.org/mdast-util-gfm/-/mdast-util-gfm-3.1.0.tgz 0ms (cache hit)
132 http cache mdast-util-find-and-replace@https://registry.npmjs.org/mdast-util-find-and-replace/-/mdast-util-find-and-replace-3.0.2.tgz 0ms (cache hit)
133 http cache magic-string@https://registry.npmjs.org/magic-string/-/magic-string-0.30.21.tgz 0ms (cache hit)
134 http cache markdown-table@https://registry.npmjs.org/markdown-table/-/markdown-table-3.0.4.tgz 0ms (cache hit)
135 http cache lz-string@https://registry.npmjs.org/lz-string/-/lz-string-1.5.0.tgz 0ms (cache hit)
136 http cache lru-cache@https://registry.npmjs.org/lru-cache/-/lru-cache-11.5.2.tgz 0ms (cache hit)
137 http cache longest-streak@https://registry.npmjs.org/longest-streak/-/longest-streak-3.1.0.tgz 0ms (cache hit)
138 http cache loose-envify@https://registry.npmjs.org/loose-envify/-/loose-envify-1.4.0.tgz 0ms (cache hit)
139 http cache lightningcss-win32-x64-msvc@https://registry.npmjs.org/lightningcss-win32-x64-msvc/-/lightningcss-win32-x64-msvc-1.33.0.tgz 0ms (cache hit)
140 http cache lightningcss@https://registry.npmjs.org/lightningcss/-/lightningcss-1.33.0.tgz 0ms (cache hit)
141 http cache katex@https://registry.npmjs.org/katex/-/katex-0.16.47.tgz 0ms (cache hit)
142 http cache js-yaml@https://registry.npmjs.org/js-yaml/-/js-yaml-4.3.1.tgz 0ms (cache hit)
143 http cache js-tokens@https://registry.npmjs.org/js-tokens/-/js-tokens-4.0.0.tgz 0ms (cache hit)
144 http cache jsdom@https://registry.npmjs.org/jsdom/-/jsdom-29.1.1.tgz 0ms (cache hit)
145 http cache import-without-cache@https://registry.npmjs.org/import-without-cache/-/import-without-cache-0.4.0.tgz 0ms (cache hit)
146 http cache html-encoding-sniffer@https://registry.npmjs.org/html-encoding-sniffer/-/html-encoding-sniffer-6.0.0.tgz 0ms (cache hit)
147 http cache html-void-elements@https://registry.npmjs.org/html-void-elements/-/html-void-elements-3.0.0.tgz 0ms (cache hit)
148 http cache is-potential-custom-element-name@https://registry.npmjs.org/is-potential-custom-element-name/-/is-potential-custom-element-name-1.0.1.tgz 0ms (cache hit)
149 http cache hast-util-whitespace@https://registry.npmjs.org/hast-util-whitespace/-/hast-util-whitespace-3.0.0.tgz 0ms (cache hit)
150 http cache get-tsconfig@https://registry.npmjs.org/get-tsconfig/-/get-tsconfig-5.0.0-beta.5.tgz 0ms (cache hit)
151 http cache fdir@https://registry.npmjs.org/fdir/-/fdir-6.5.0.tgz 0ms (cache hit)
152 http cache hookable@https://registry.npmjs.org/hookable/-/hookable-6.1.1.tgz 0ms (cache hit)
153 http cache estree-walker@https://registry.npmjs.org/estree-walker/-/estree-walker-3.0.3.tgz 0ms (cache hit)
154 http cache escape-string-regexp@https://registry.npmjs.org/escape-string-regexp/-/escape-string-regexp-5.0.0.tgz 0ms (cache hit)
155 http cache expect-type@https://registry.npmjs.org/expect-type/-/expect-type-1.4.0.tgz 0ms (cache hit)
156 http cache dts-resolver@https://registry.npmjs.org/dts-resolver/-/dts-resolver-3.0.0.tgz 0ms (cache hit)
157 http cache es-module-lexer@https://registry.npmjs.org/es-module-lexer/-/es-module-lexer-2.3.1.tgz 0ms (cache hit)
158 http cache empathic@https://registry.npmjs.org/empathic/-/empathic-2.0.1.tgz 0ms (cache hit)
159 http cache entities@https://registry.npmjs.org/entities/-/entities-8.0.0.tgz 0ms (cache hit)
160 http cache hast-util-to-html@https://registry.npmjs.org/hast-util-to-html/-/hast-util-to-html-9.0.5.tgz 0ms (cache hit)
161 http cache dom-accessibility-api@https://registry.npmjs.org/dom-accessibility-api/-/dom-accessibility-api-0.5.16.tgz 0ms (cache hit)
162 http cache devlop@https://registry.npmjs.org/devlop/-/devlop-1.1.0.tgz 0ms (cache hit)
163 http cache detect-libc@https://registry.npmjs.org/detect-libc/-/detect-libc-2.1.2.tgz 0ms (cache hit)
164 http cache dequal@https://registry.npmjs.org/dequal/-/dequal-2.0.3.tgz 0ms (cache hit)
165 http cache decode-named-character-reference@https://registry.npmjs.org/decode-named-character-reference/-/decode-named-character-reference-1.3.0.tgz 0ms (cache hit)
166 http cache defu@https://registry.npmjs.org/defu/-/defu-6.1.7.tgz 0ms (cache hit)
167 http cache decimal.js@https://registry.npmjs.org/decimal.js/-/decimal.js-10.6.0.tgz 0ms (cache hit)
168 http cache data-urls@https://registry.npmjs.org/data-urls/-/data-urls-7.0.0.tgz 0ms (cache hit)
169 http cache css-tree@https://registry.npmjs.org/css-tree/-/css-tree-3.2.1.tgz 0ms (cache hit)
170 http cache convert-source-map@https://registry.npmjs.org/convert-source-map/-/convert-source-map-2.0.0.tgz 0ms (cache hit)
171 http cache csstype@https://registry.npmjs.org/csstype/-/csstype-3.2.3.tgz 1ms (cache hit)
172 http cache comma-separated-tokens@https://registry.npmjs.org/comma-separated-tokens/-/comma-separated-tokens-2.0.3.tgz 0ms (cache hit)
173 http cache character-entities-legacy@https://registry.npmjs.org/character-entities-legacy/-/character-entities-legacy-3.0.0.tgz 0ms (cache hit)
174 http cache debug@https://registry.npmjs.org/debug/-/debug-4.4.3.tgz 0ms (cache hit)
175 http cache character-entities@https://registry.npmjs.org/character-entities/-/character-entities-2.0.2.tgz 0ms (cache hit)
176 http cache clsx@https://registry.npmjs.org/clsx/-/clsx-2.1.1.tgz 0ms (cache hit)
177 http cache chai@https://registry.npmjs.org/chai/-/chai-6.2.2.tgz 0ms (cache hit)
178 http cache ccount@https://registry.npmjs.org/ccount/-/ccount-2.0.1.tgz 0ms (cache hit)
179 http cache cac@https://registry.npmjs.org/cac/-/cac-7.0.0.tgz 0ms (cache hit)
180 http cache assertion-error@https://registry.npmjs.org/assertion-error/-/assertion-error-2.0.1.tgz 0ms (cache hit)
181 http cache commander@https://registry.npmjs.org/commander/-/commander-8.3.0.tgz 0ms (cache hit)
182 http cache bidi-js@https://registry.npmjs.org/bidi-js/-/bidi-js-1.0.3.tgz 0ms (cache hit)
183 http cache character-entities-html4@https://registry.npmjs.org/character-entities-html4/-/character-entities-html4-2.1.0.tgz 0ms (cache hit)
184 http cache aria-query@https://registry.npmjs.org/aria-query/-/aria-query-5.3.0.tgz 0ms (cache hit)
185 http cache argparse@https://registry.npmjs.org/argparse/-/argparse-2.0.1.tgz 0ms (cache hit)
186 http cache ansis@https://registry.npmjs.org/ansis/-/ansis-4.3.1.tgz 0ms (cache hit)
187 http cache ansi-regex@https://registry.npmjs.org/ansi-regex/-/ansi-regex-5.0.1.tgz 0ms (cache hit)
188 http cache @yuku-toolchain/types@https://registry.npmjs.org/@yuku-toolchain/types/-/types-0.8.7.tgz 0ms (cache hit)
189 http cache @yuku-parser/binding-win32-x64@https://registry.npmjs.org/@yuku-parser/binding-win32-x64/-/binding-win32-x64-0.8.7.tgz 0ms (cache hit)
190 http cache ansi-styles@https://registry.npmjs.org/ansi-styles/-/ansi-styles-5.2.0.tgz 0ms (cache hit)
191 http cache @yuku-codegen/binding-win32-x64@https://registry.npmjs.org/@yuku-codegen/binding-win32-x64/-/binding-win32-x64-0.8.7.tgz 0ms (cache hit)
192 http cache anser@https://registry.npmjs.org/anser/-/anser-2.3.5.tgz 0ms (cache hit)
193 http cache @vitest/spy@https://registry.npmjs.org/@vitest/spy/-/spy-4.1.10.tgz 0ms (cache hit)
194 http cache @vitest/runner@https://registry.npmjs.org/@vitest/runner/-/runner-4.1.10.tgz 0ms (cache hit)
195 http cache @vitest/utils@https://registry.npmjs.org/@vitest/utils/-/utils-4.1.10.tgz 0ms (cache hit)
196 http cache @vitest/snapshot@https://registry.npmjs.org/@vitest/snapshot/-/snapshot-4.1.10.tgz 0ms (cache hit)
197 http cache @ungap/structured-clone@https://registry.npmjs.org/@ungap/structured-clone/-/structured-clone-1.3.3.tgz 0ms (cache hit)
198 http cache @types/prop-types@https://registry.npmjs.org/@types/prop-types/-/prop-types-15.7.15.tgz 0ms (cache hit)
199 http cache @vitest/mocker@https://registry.npmjs.org/@vitest/mocker/-/mocker-4.1.10.tgz 0ms (cache hit)
200 http cache @vitest/pretty-format@https://registry.npmjs.org/@vitest/pretty-format/-/pretty-format-4.1.10.tgz 0ms (cache hit)
201 http cache @typescript/typescript-win32-x64@https://registry.npmjs.org/@typescript/typescript-win32-x64/-/typescript-win32-x64-7.0.2.tgz 0ms (cache hit)
202 http cache @vitest/expect@https://registry.npmjs.org/@vitest/expect/-/expect-4.1.10.tgz 0ms (cache hit)
203 http cache @types/react@https://registry.npmjs.org/@types/react/-/react-18.3.31.tgz 0ms (cache hit)
204 http cache @types/unist@https://registry.npmjs.org/@types/unist/-/unist-3.0.3.tgz 0ms (cache hit)
205 http cache @types/node@https://registry.npmjs.org/@types/node/-/node-26.2.0.tgz 0ms (cache hit)
206 http cache @types/mdast@https://registry.npmjs.org/@types/mdast/-/mdast-4.0.4.tgz 0ms (cache hit)
207 http cache @types/ms@https://registry.npmjs.org/@types/ms/-/ms-2.1.0.tgz 0ms (cache hit)
208 http cache @types/katex@https://registry.npmjs.org/@types/katex/-/katex-0.16.8.tgz 0ms (cache hit)
209 http cache @types/hast@https://registry.npmjs.org/@types/hast/-/hast-3.0.5.tgz 0ms (cache hit)
210 http cache @types/estree@https://registry.npmjs.org/@types/estree/-/estree-1.0.9.tgz 0ms (cache hit)
211 http cache @types/deep-eql@https://registry.npmjs.org/@types/deep-eql/-/deep-eql-4.0.2.tgz 0ms (cache hit)
212 http cache @types/js-yaml@https://registry.npmjs.org/@types/js-yaml/-/js-yaml-4.0.9.tgz 0ms (cache hit)
213 http cache @types/chai@https://registry.npmjs.org/@types/chai/-/chai-5.2.3.tgz 0ms (cache hit)
214 http cache @types/debug@https://registry.npmjs.org/@types/debug/-/debug-4.1.13.tgz 0ms (cache hit)
215 http cache @types/aria-query@https://registry.npmjs.org/@types/aria-query/-/aria-query-5.0.4.tgz 0ms (cache hit)
216 http cache @standard-schema/spec@https://registry.npmjs.org/@standard-schema/spec/-/spec-1.1.0.tgz 0ms (cache hit)
217 http cache @testing-library/react@https://registry.npmjs.org/@testing-library/react/-/react-16.3.2.tgz 0ms (cache hit)
218 http cache @testing-library/dom@https://registry.npmjs.org/@testing-library/dom/-/dom-10.4.1.tgz 0ms (cache hit)
219 http cache @shikijs/types@https://registry.npmjs.org/@shikijs/types/-/types-4.4.3.tgz 0ms (cache hit)
220 http cache @shikijs/vscode-textmate@https://registry.npmjs.org/@shikijs/vscode-textmate/-/vscode-textmate-10.0.2.tgz 0ms (cache hit)
221 http cache @shikijs/langs@https://registry.npmjs.org/@shikijs/langs/-/langs-4.4.3.tgz 0ms (cache hit)
222 http cache @shikijs/primitive@https://registry.npmjs.org/@shikijs/primitive/-/primitive-4.4.3.tgz 0ms (cache hit)
223 http cache @shikijs/themes@https://registry.npmjs.org/@shikijs/themes/-/themes-4.4.3.tgz 0ms (cache hit)
224 http cache @rolldown/pluginutils@https://registry.npmjs.org/@rolldown/pluginutils/-/pluginutils-1.0.1.tgz 0ms (cache hit)
225 http cache @shikijs/engine-oniguruma@https://registry.npmjs.org/@shikijs/engine-oniguruma/-/engine-oniguruma-4.4.3.tgz 0ms (cache hit)
226 http cache @rolldown/binding-win32-x64-msvc@https://registry.npmjs.org/@rolldown/binding-win32-x64-msvc/-/binding-win32-x64-msvc-1.2.4.tgz 0ms (cache hit)
227 http cache @shikijs/engine-javascript@https://registry.npmjs.org/@shikijs/engine-javascript/-/engine-javascript-4.4.3.tgz 0ms (cache hit)
228 http cache @shikijs/core@https://registry.npmjs.org/@shikijs/core/-/core-4.4.3.tgz 0ms (cache hit)
229 http cache @oxc-project/types@https://registry.npmjs.org/@oxc-project/types/-/types-0.144.0.tgz 0ms (cache hit)
230 http cache @jridgewell/sourcemap-codec@https://registry.npmjs.org/@jridgewell/sourcemap-codec/-/sourcemap-codec-1.5.5.tgz 0ms (cache hit)
231 http cache @quansync/fs@https://registry.npmjs.org/@quansync/fs/-/fs-1.0.0.tgz 0ms (cache hit)
232 http cache @exodus/bytes@https://registry.npmjs.org/@exodus/bytes/-/bytes-1.15.1.tgz 0ms (cache hit)
233 http cache @deepseek-ai/dsh-client-ui-primitives@https://registry.npmjs.org/@deepseek-ai/dsh-client-ui-primitives/-/dsh-client-ui-primitives-0.1.0-rc.6.tgz 0ms (cache hit)
234 http cache @deepseek-ai/dsh-invariants@https://registry.npmjs.org/@deepseek-ai/dsh-invariants/-/dsh-invariants-0.1.0-rc.6.tgz 0ms (cache hit)
235 http cache @deepseek-ai/schemastery@https://registry.npmjs.org/@deepseek-ai/schemastery/-/schemastery-3.18.1.tgz 0ms (cache hit)
236 http cache @deepseek-ai/cosmokit@https://registry.npmjs.org/@deepseek-ai/cosmokit/-/cosmokit-1.8.2.tgz 0ms (cache hit)
237 http cache @deepseek-ai/cordis@https://registry.npmjs.org/@deepseek-ai/cordis/-/cordis-4.0.1.tgz 0ms (cache hit)
238 http cache @csstools/css-tokenizer@https://registry.npmjs.org/@csstools/css-tokenizer/-/css-tokenizer-4.0.0.tgz 0ms (cache hit)
239 http cache @csstools/css-syntax-patches-for-csstree@https://registry.npmjs.org/@csstools/css-syntax-patches-for-csstree/-/css-syntax-patches-for-csstree-1.1.7.tgz 0ms (cache hit)
240 http cache @bramus/specificity@https://registry.npmjs.org/@bramus/specificity/-/specificity-2.4.2.tgz 0ms (cache hit)
241 http cache @csstools/css-calc@https://registry.npmjs.org/@csstools/css-calc/-/css-calc-3.3.0.tgz 0ms (cache hit)
242 http cache @csstools/css-parser-algorithms@https://registry.npmjs.org/@csstools/css-parser-algorithms/-/css-parser-algorithms-4.0.0.tgz 0ms (cache hit)
243 http cache @csstools/color-helpers@https://registry.npmjs.org/@csstools/color-helpers/-/color-helpers-6.1.0.tgz 0ms (cache hit)
244 http cache @csstools/css-color-parser@https://registry.npmjs.org/@csstools/css-color-parser/-/css-color-parser-4.1.10.tgz 0ms (cache hit)
245 http cache @asamuzakjp/nwsapi@https://registry.npmjs.org/@asamuzakjp/nwsapi/-/nwsapi-2.3.9.tgz 0ms (cache hit)
246 http cache @babel/code-frame@https://registry.npmjs.org/@babel/code-frame/-/code-frame-7.29.7.tgz 0ms (cache hit)
247 silly tarball no local data for zwitch@https://registry.npmjs.org/zwitch/-/zwitch-2.0.4.tgz. Extracting by manifest.
248 silly tarball no local data for yuku-ast@https://registry.npmjs.org/yuku-ast/-/yuku-ast-0.8.7.tgz. Extracting by manifest.
249 http cache @babel/runtime@https://registry.npmjs.org/@babel/runtime/-/runtime-7.29.7.tgz 0ms (cache hit)
250 http cache @babel/helper-validator-identifier@https://registry.npmjs.org/@babel/helper-validator-identifier/-/helper-validator-identifier-7.29.7.tgz 0ms (cache hit)
251 silly tarball no local data for xmlchars@https://registry.npmjs.org/xmlchars/-/xmlchars-2.2.0.tgz. Extracting by manifest.
252 silly tarball no local data for yuku-parser@https://registry.npmjs.org/yuku-parser/-/yuku-parser-0.8.7.tgz. Extracting by manifest.
253 silly tarball no local data for yuku-codegen@https://registry.npmjs.org/yuku-codegen/-/yuku-codegen-0.8.7.tgz. Extracting by manifest.
254 silly tarball no local data for why-is-node-running@https://registry.npmjs.org/why-is-node-running/-/why-is-node-running-2.3.0.tgz. Extracting by manifest.
255 silly tarball no local data for whatwg-url@https://registry.npmjs.org/whatwg-url/-/whatwg-url-16.0.1.tgz. Extracting by manifest.
256 silly tarball no local data for webidl-conversions@https://registry.npmjs.org/webidl-conversions/-/webidl-conversions-8.0.1.tgz. Extracting by manifest.
257 silly tarball no local data for xml-name-validator@https://registry.npmjs.org/xml-name-validator/-/xml-name-validator-5.0.0.tgz. Extracting by manifest.
258 silly tarball no local data for whatwg-mimetype@https://registry.npmjs.org/whatwg-mimetype/-/whatwg-mimetype-5.0.0.tgz. Extracting by manifest.
259 silly tarball no local data for w3c-xmlserializer@https://registry.npmjs.org/w3c-xmlserializer/-/w3c-xmlserializer-5.0.0.tgz. Extracting by manifest.
260 silly tarball no local data for vitest@https://registry.npmjs.org/vitest/-/vitest-4.1.10.tgz. Extracting by manifest.
261 silly tarball no local data for vite@https://registry.npmjs.org/vite/-/vite-8.2.1.tgz. Extracting by manifest.
262 silly tarball no local data for verkit@https://registry.npmjs.org/verkit/-/verkit-0.3.2.tgz. Extracting by manifest.
263 silly tarball no local data for vfile-message@https://registry.npmjs.org/vfile-message/-/vfile-message-4.0.3.tgz. Extracting by manifest.
264 silly tarball no local data for vfile@https://registry.npmjs.org/vfile/-/vfile-6.0.3.tgz. Extracting by manifest.
265 silly tarball no local data for unist-util-visit-parents@https://registry.npmjs.org/unist-util-visit-parents/-/unist-util-visit-parents-6.0.2.tgz. Extracting by manifest.
266 silly tarball no local data for unist-util-remove-position@https://registry.npmjs.org/unist-util-remove-position/-/unist-util-remove-position-5.0.0.tgz. Extracting by manifest.
267 silly tarball no local data for unist-util-visit@https://registry.npmjs.org/unist-util-visit/-/unist-util-visit-5.1.0.tgz. Extracting by manifest.
268 http cache @asamuzakjp/css-color@https://registry.npmjs.org/@asamuzakjp/css-color/-/css-color-5.1.11.tgz 0ms (cache hit)
269 silly tarball no local data for unist-util-stringify-position@https://registry.npmjs.org/unist-util-stringify-position/-/unist-util-stringify-position-4.0.0.tgz. Extracting by manifest.
270 http cache @asamuzakjp/dom-selector@https://registry.npmjs.org/@asamuzakjp/dom-selector/-/dom-selector-7.1.1.tgz 0ms (cache hit)
271 silly tarball no local data for unist-util-position@https://registry.npmjs.org/unist-util-position/-/unist-util-position-5.0.0.tgz. Extracting by manifest.
272 silly tarball no local data for unist-util-is@https://registry.npmjs.org/unist-util-is/-/unist-util-is-6.0.1.tgz. Extracting by manifest.
273 silly tarball no local data for undici@https://registry.npmjs.org/undici/-/undici-7.29.0.tgz. Extracting by manifest.
274 silly tarball no local data for unconfig-core@https://registry.npmjs.org/unconfig-core/-/unconfig-core-7.5.0.tgz. Extracting by manifest.
275 silly tarball no local data for undici-types@https://registry.npmjs.org/undici-types/-/undici-types-8.3.0.tgz. Extracting by manifest.
276 silly tarball no local data for tsdown@https://registry.npmjs.org/tsdown/-/tsdown-0.22.14.tgz. Extracting by manifest.
277 silly tarball no local data for typescript@https://registry.npmjs.org/typescript/-/typescript-7.0.2.tgz. Extracting by manifest.
278 http cache @asamuzakjp/generational-cache@https://registry.npmjs.org/@asamuzakjp/generational-cache/-/generational-cache-1.0.1.tgz 0ms (cache hit)
279 silly tarball no local data for tr46@https://registry.npmjs.org/tr46/-/tr46-6.0.0.tgz. Extracting by manifest.
280 silly tarball no local data for tree-kill@https://registry.npmjs.org/tree-kill/-/tree-kill-1.2.2.tgz. Extracting by manifest.
281 silly tarball no local data for trim-lines@https://registry.npmjs.org/trim-lines/-/trim-lines-3.0.1.tgz. Extracting by manifest.
282 silly tarball no local data for tldts@https://registry.npmjs.org/tldts/-/tldts-7.4.10.tgz. Extracting by manifest.
283 silly tarball no local data for tough-cookie@https://registry.npmjs.org/tough-cookie/-/tough-cookie-6.0.2.tgz. Extracting by manifest.
284 silly tarball no local data for tinyrainbow@https://registry.npmjs.org/tinyrainbow/-/tinyrainbow-3.1.1.tgz. Extracting by manifest.
285 silly tarball no local data for tldts-core@https://registry.npmjs.org/tldts-core/-/tldts-core-7.4.10.tgz. Extracting by manifest.
286 silly tarball no local data for tinyglobby@https://registry.npmjs.org/tinyglobby/-/tinyglobby-0.2.17.tgz. Extracting by manifest.
287 silly tarball no local data for tinyexec@https://registry.npmjs.org/tinyexec/-/tinyexec-1.3.0.tgz. Extracting by manifest.
288 silly tarball no local data for symbol-tree@https://registry.npmjs.org/symbol-tree/-/symbol-tree-3.2.4.tgz. Extracting by manifest.
289 silly tarball no local data for tinybench@https://registry.npmjs.org/tinybench/-/tinybench-2.9.0.tgz. Extracting by manifest.
290 silly tarball no local data for stringify-entities@https://registry.npmjs.org/stringify-entities/-/stringify-entities-4.0.4.tgz. Extracting by manifest.
291 silly tarball no local data for std-env@https://registry.npmjs.org/std-env/-/std-env-4.2.0.tgz. Extracting by manifest.
292 silly tarball no local data for stackback@https://registry.npmjs.org/stackback/-/stackback-0.0.2.tgz. Extracting by manifest.
293 silly tarball no local data for source-map-js@https://registry.npmjs.org/source-map-js/-/source-map-js-1.2.1.tgz. Extracting by manifest.
294 silly tarball no local data for shiki@https://registry.npmjs.org/shiki/-/shiki-4.4.3.tgz. Extracting by manifest.
295 silly tarball no local data for scheduler@https://registry.npmjs.org/scheduler/-/scheduler-0.23.2.tgz. Extracting by manifest.
296 silly tarball no local data for rolldown-plugin-dts@https://registry.npmjs.org/rolldown-plugin-dts/-/rolldown-plugin-dts-0.27.14.tgz. Extracting by manifest.
297 silly tarball no local data for siginfo@https://registry.npmjs.org/siginfo/-/siginfo-2.0.0.tgz. Extracting by manifest.
298 silly tarball no local data for rolldown@https://registry.npmjs.org/rolldown/-/rolldown-1.2.4.tgz. Extracting by manifest.
299 silly tarball no local data for saxes@https://registry.npmjs.org/saxes/-/saxes-6.0.0.tgz. Extracting by manifest.
300 silly tarball no local data for space-separated-tokens@https://registry.npmjs.org/space-separated-tokens/-/space-separated-tokens-2.0.2.tgz. Extracting by manifest.
301 silly tarball no local data for resolve-pkg-maps@https://registry.npmjs.org/resolve-pkg-maps/-/resolve-pkg-maps-1.0.0.tgz. Extracting by manifest.
302 silly tarball no local data for regex-recursion@https://registry.npmjs.org/regex-recursion/-/regex-recursion-6.0.2.tgz. Extracting by manifest.
303 silly tarball no local data for regex-utilities@https://registry.npmjs.org/regex-utilities/-/regex-utilities-2.3.0.tgz. Extracting by manifest.
304 silly tarball no local data for regex@https://registry.npmjs.org/regex/-/regex-6.1.0.tgz. Extracting by manifest.
305 silly tarball no local data for react-dom@https://registry.npmjs.org/react-dom/-/react-dom-18.3.1.tgz. Extracting by manifest.
306 silly tarball no local data for require-from-string@https://registry.npmjs.org/require-from-string/-/require-from-string-2.0.2.tgz. Extracting by manifest.
307 silly tarball no local data for react-is@https://registry.npmjs.org/react-is/-/react-is-17.0.2.tgz. Extracting by manifest.
308 silly tarball no local data for react@https://registry.npmjs.org/react/-/react-18.3.1.tgz. Extracting by manifest.
309 silly tarball no local data for quansync@https://registry.npmjs.org/quansync/-/quansync-1.0.0.tgz. Extracting by manifest.
310 silly tarball no local data for punycode@https://registry.npmjs.org/punycode/-/punycode-2.3.1.tgz. Extracting by manifest.
311 silly tarball no local data for property-information@https://registry.npmjs.org/property-information/-/property-information-7.2.0.tgz. Extracting by manifest.
312 silly tarball no local data for playwright-core@https://registry.npmjs.org/playwright-core/-/playwright-core-1.62.1.tgz. Extracting by manifest.
313 silly tarball no local data for pretty-format@https://registry.npmjs.org/pretty-format/-/pretty-format-27.5.1.tgz. Extracting by manifest.
314 silly tarball no local data for postcss@https://registry.npmjs.org/postcss/-/postcss-8.5.26.tgz. Extracting by manifest.
315 silly tarball no local data for playwright@https://registry.npmjs.org/playwright/-/playwright-1.62.1.tgz. Extracting by manifest.
316 silly tarball no local data for pathe@https://registry.npmjs.org/pathe/-/pathe-2.0.3.tgz. Extracting by manifest.
317 silly tarball no local data for picomatch@https://registry.npmjs.org/picomatch/-/picomatch-4.0.5.tgz. Extracting by manifest.
318 silly tarball no local data for picocolors@https://registry.npmjs.org/picocolors/-/picocolors-1.1.1.tgz. Extracting by manifest.
319 silly tarball no local data for oniguruma-parser@https://registry.npmjs.org/oniguruma-parser/-/oniguruma-parser-0.12.2.tgz. Extracting by manifest.
320 silly tarball no local data for nanoid@https://registry.npmjs.org/nanoid/-/nanoid-3.3.18.tgz. Extracting by manifest.
321 silly tarball no local data for oniguruma-to-es@https://registry.npmjs.org/oniguruma-to-es/-/oniguruma-to-es-4.3.6.tgz. Extracting by manifest.
322 silly tarball no local data for parse5@https://registry.npmjs.org/parse5/-/parse5-8.0.1.tgz. Extracting by manifest.
323 silly tarball no local data for obug@https://registry.npmjs.org/obug/-/obug-2.1.4.tgz. Extracting by manifest.
324 silly tarball no local data for micromark-util-symbol@https://registry.npmjs.org/micromark-util-symbol/-/micromark-util-symbol-2.0.1.tgz. Extracting by manifest.
325 silly tarball no local data for micromark-util-types@https://registry.npmjs.org/micromark-util-types/-/micromark-util-types-2.0.2.tgz. Extracting by manifest.
326 silly tarball no local data for micromark-util-subtokenize@https://registry.npmjs.org/micromark-util-subtokenize/-/micromark-util-subtokenize-2.1.0.tgz. Extracting by manifest.
327 silly tarball no local data for ms@https://registry.npmjs.org/ms/-/ms-2.1.3.tgz. Extracting by manifest.
328 silly tarball no local data for micromark-util-sanitize-uri@https://registry.npmjs.org/micromark-util-sanitize-uri/-/micromark-util-sanitize-uri-2.0.1.tgz. Extracting by manifest.
329 silly tarball no local data for micromark-util-html-tag-name@https://registry.npmjs.org/micromark-util-html-tag-name/-/micromark-util-html-tag-name-2.0.1.tgz. Extracting by manifest.
330 silly tarball no local data for micromark-util-normalize-identifier@https://registry.npmjs.org/micromark-util-normalize-identifier/-/micromark-util-normalize-identifier-2.0.1.tgz. Extracting by manifest.
331 silly tarball no local data for micromark-util-resolve-all@https://registry.npmjs.org/micromark-util-resolve-all/-/micromark-util-resolve-all-2.0.1.tgz. Extracting by manifest.
332 silly tarball no local data for micromark-util-decode-string@https://registry.npmjs.org/micromark-util-decode-string/-/micromark-util-decode-string-2.0.1.tgz. Extracting by manifest.
333 silly tarball no local data for micromark-util-decode-numeric-character-reference@https://registry.npmjs.org/micromark-util-decode-numeric-character-reference/-/micromark-util-decode-numeric-character-reference-2.0.2.tgz. Extracting by manifest.
334 silly tarball no local data for micromark-util-encode@https://registry.npmjs.org/micromark-util-encode/-/micromark-util-encode-2.0.1.tgz. Extracting by manifest.
335 silly tarball no local data for micromark-util-classify-character@https://registry.npmjs.org/micromark-util-classify-character/-/micromark-util-classify-character-2.0.1.tgz. Extracting by manifest.
336 silly tarball no local data for micromark-util-combine-extensions@https://registry.npmjs.org/micromark-util-combine-extensions/-/micromark-util-combine-extensions-2.0.1.tgz. Extracting by manifest.
337 silly tarball no local data for micromark-util-chunked@https://registry.npmjs.org/micromark-util-chunked/-/micromark-util-chunked-2.0.1.tgz. Extracting by manifest.
338 silly tarball no local data for micromark-factory-whitespace@https://registry.npmjs.org/micromark-factory-whitespace/-/micromark-factory-whitespace-2.0.1.tgz. Extracting by manifest.
339 silly tarball no local data for micromark-util-character@https://registry.npmjs.org/micromark-util-character/-/micromark-util-character-2.1.1.tgz. Extracting by manifest.
340 silly tarball no local data for micromark-factory-title@https://registry.npmjs.org/micromark-factory-title/-/micromark-factory-title-2.0.1.tgz. Extracting by manifest.
341 silly tarball no local data for micromark-factory-space@https://registry.npmjs.org/micromark-factory-space/-/micromark-factory-space-2.0.1.tgz. Extracting by manifest.
342 silly tarball no local data for micromark-factory-destination@https://registry.npmjs.org/micromark-factory-destination/-/micromark-factory-destination-2.0.1.tgz. Extracting by manifest.
343 silly tarball no local data for micromark-extension-math@https://registry.npmjs.org/micromark-extension-math/-/micromark-extension-math-3.1.0.tgz. Extracting by manifest.
344 silly tarball no local data for micromark-factory-label@https://registry.npmjs.org/micromark-factory-label/-/micromark-factory-label-2.0.1.tgz. Extracting by manifest.
345 silly tarball no local data for micromark-extension-gfm-strikethrough@https://registry.npmjs.org/micromark-extension-gfm-strikethrough/-/micromark-extension-gfm-strikethrough-2.1.0.tgz. Extracting by manifest.
346 silly tarball no local data for micromark-extension-gfm-table@https://registry.npmjs.org/micromark-extension-gfm-table/-/micromark-extension-gfm-table-2.1.1.tgz. Extracting by manifest.
347 silly tarball no local data for micromark-extension-gfm-task-list-item@https://registry.npmjs.org/micromark-extension-gfm-task-list-item/-/micromark-extension-gfm-task-list-item-2.1.0.tgz. Extracting by manifest.
348 silly tarball no local data for micromark-extension-gfm-tagfilter@https://registry.npmjs.org/micromark-extension-gfm-tagfilter/-/micromark-extension-gfm-tagfilter-2.0.0.tgz. Extracting by manifest.
349 silly tarball no local data for micromark-extension-gfm@https://registry.npmjs.org/micromark-extension-gfm/-/micromark-extension-gfm-3.0.0.tgz. Extracting by manifest.
350 silly tarball no local data for micromark-core-commonmark@https://registry.npmjs.org/micromark-core-commonmark/-/micromark-core-commonmark-2.0.3.tgz. Extracting by manifest.
351 silly tarball no local data for micromark-extension-gfm-autolink-literal@https://registry.npmjs.org/micromark-extension-gfm-autolink-literal/-/micromark-extension-gfm-autolink-literal-2.1.0.tgz. Extracting by manifest.
352 silly tarball no local data for micromark-extension-gfm-footnote@https://registry.npmjs.org/micromark-extension-gfm-footnote/-/micromark-extension-gfm-footnote-2.1.0.tgz. Extracting by manifest.
353 silly tarball no local data for mdast-util-to-markdown@https://registry.npmjs.org/mdast-util-to-markdown/-/mdast-util-to-markdown-2.1.2.tgz. Extracting by manifest.
354 silly tarball no local data for mdn-data@https://registry.npmjs.org/mdn-data/-/mdn-data-2.27.1.tgz. Extracting by manifest.
355 silly tarball no local data for mdast-util-to-string@https://registry.npmjs.org/mdast-util-to-string/-/mdast-util-to-string-4.0.0.tgz. Extracting by manifest.
356 silly tarball no local data for micromark@https://registry.npmjs.org/micromark/-/micromark-4.0.2.tgz. Extracting by manifest.
357 silly tarball no local data for mdast-util-phrasing@https://registry.npmjs.org/mdast-util-phrasing/-/mdast-util-phrasing-4.1.0.tgz. Extracting by manifest.
358 silly tarball no local data for mdast-util-to-hast@https://registry.npmjs.org/mdast-util-to-hast/-/mdast-util-to-hast-13.2.1.tgz. Extracting by manifest.
359 silly tarball no local data for mdast-util-math@https://registry.npmjs.org/mdast-util-math/-/mdast-util-math-3.0.0.tgz. Extracting by manifest.
360 silly tarball no local data for mdast-util-gfm-table@https://registry.npmjs.org/mdast-util-gfm-table/-/mdast-util-gfm-table-2.0.0.tgz. Extracting by manifest.
361 silly tarball no local data for mdast-util-gfm-task-list-item@https://registry.npmjs.org/mdast-util-gfm-task-list-item/-/mdast-util-gfm-task-list-item-2.0.0.tgz. Extracting by manifest.
362 silly tarball no local data for mdast-util-gfm-footnote@https://registry.npmjs.org/mdast-util-gfm-footnote/-/mdast-util-gfm-footnote-2.1.0.tgz. Extracting by manifest.
363 silly tarball no local data for mdast-util-gfm-strikethrough@https://registry.npmjs.org/mdast-util-gfm-strikethrough/-/mdast-util-gfm-strikethrough-2.0.0.tgz. Extracting by manifest.
364 silly tarball no local data for mdast-util-gfm-autolink-literal@https://registry.npmjs.org/mdast-util-gfm-autolink-literal/-/mdast-util-gfm-autolink-literal-2.0.1.tgz. Extracting by manifest.
365 silly tarball no local data for mdast-util-from-markdown@https://registry.npmjs.org/mdast-util-from-markdown/-/mdast-util-from-markdown-2.0.3.tgz. Extracting by manifest.
366 silly tarball no local data for mdast-util-gfm@https://registry.npmjs.org/mdast-util-gfm/-/mdast-util-gfm-3.1.0.tgz. Extracting by manifest.
367 silly tarball no local data for mdast-util-find-and-replace@https://registry.npmjs.org/mdast-util-find-and-replace/-/mdast-util-find-and-replace-3.0.2.tgz. Extracting by manifest.
368 silly tarball no local data for magic-string@https://registry.npmjs.org/magic-string/-/magic-string-0.30.21.tgz. Extracting by manifest.
369 silly tarball no local data for markdown-table@https://registry.npmjs.org/markdown-table/-/markdown-table-3.0.4.tgz. Extracting by manifest.
370 silly tarball no local data for lz-string@https://registry.npmjs.org/lz-string/-/lz-string-1.5.0.tgz. Extracting by manifest.
371 silly tarball no local data for lru-cache@https://registry.npmjs.org/lru-cache/-/lru-cache-11.5.2.tgz. Extracting by manifest.
372 silly tarball no local data for longest-streak@https://registry.npmjs.org/longest-streak/-/longest-streak-3.1.0.tgz. Extracting by manifest.
373 silly tarball no local data for loose-envify@https://registry.npmjs.org/loose-envify/-/loose-envify-1.4.0.tgz. Extracting by manifest.
374 silly tarball no local data for lightningcss-win32-x64-msvc@https://registry.npmjs.org/lightningcss-win32-x64-msvc/-/lightningcss-win32-x64-msvc-1.33.0.tgz. Extracting by manifest.
375 silly tarball no local data for lightningcss@https://registry.npmjs.org/lightningcss/-/lightningcss-1.33.0.tgz. Extracting by manifest.
376 silly tarball no local data for katex@https://registry.npmjs.org/katex/-/katex-0.16.47.tgz. Extracting by manifest.
377 silly tarball no local data for js-yaml@https://registry.npmjs.org/js-yaml/-/js-yaml-4.3.1.tgz. Extracting by manifest.
378 silly tarball no local data for js-tokens@https://registry.npmjs.org/js-tokens/-/js-tokens-4.0.0.tgz. Extracting by manifest.
379 silly tarball no local data for jsdom@https://registry.npmjs.org/jsdom/-/jsdom-29.1.1.tgz. Extracting by manifest.
380 silly tarball no local data for import-without-cache@https://registry.npmjs.org/import-without-cache/-/import-without-cache-0.4.0.tgz. Extracting by manifest.
381 silly tarball no local data for html-encoding-sniffer@https://registry.npmjs.org/html-encoding-sniffer/-/html-encoding-sniffer-6.0.0.tgz. Extracting by manifest.
382 silly tarball no local data for html-void-elements@https://registry.npmjs.org/html-void-elements/-/html-void-elements-3.0.0.tgz. Extracting by manifest.
383 silly tarball no local data for is-potential-custom-element-name@https://registry.npmjs.org/is-potential-custom-element-name/-/is-potential-custom-element-name-1.0.1.tgz. Extracting by manifest.
384 silly tarball no local data for hast-util-whitespace@https://registry.npmjs.org/hast-util-whitespace/-/hast-util-whitespace-3.0.0.tgz. Extracting by manifest.
385 silly tarball no local data for get-tsconfig@https://registry.npmjs.org/get-tsconfig/-/get-tsconfig-5.0.0-beta.5.tgz. Extracting by manifest.
386 silly tarball no local data for fdir@https://registry.npmjs.org/fdir/-/fdir-6.5.0.tgz. Extracting by manifest.
387 silly tarball no local data for hookable@https://registry.npmjs.org/hookable/-/hookable-6.1.1.tgz. Extracting by manifest.
388 silly tarball no local data for estree-walker@https://registry.npmjs.org/estree-walker/-/estree-walker-3.0.3.tgz. Extracting by manifest.
389 silly tarball no local data for escape-string-regexp@https://registry.npmjs.org/escape-string-regexp/-/escape-string-regexp-5.0.0.tgz. Extracting by manifest.
390 silly tarball no local data for expect-type@https://registry.npmjs.org/expect-type/-/expect-type-1.4.0.tgz. Extracting by manifest.
391 silly tarball no local data for dts-resolver@https://registry.npmjs.org/dts-resolver/-/dts-resolver-3.0.0.tgz. Extracting by manifest.
392 silly tarball no local data for es-module-lexer@https://registry.npmjs.org/es-module-lexer/-/es-module-lexer-2.3.1.tgz. Extracting by manifest.
393 silly tarball no local data for empathic@https://registry.npmjs.org/empathic/-/empathic-2.0.1.tgz. Extracting by manifest.
394 silly tarball no local data for entities@https://registry.npmjs.org/entities/-/entities-8.0.0.tgz. Extracting by manifest.
395 silly tarball no local data for hast-util-to-html@https://registry.npmjs.org/hast-util-to-html/-/hast-util-to-html-9.0.5.tgz. Extracting by manifest.
396 silly tarball no local data for dom-accessibility-api@https://registry.npmjs.org/dom-accessibility-api/-/dom-accessibility-api-0.5.16.tgz. Extracting by manifest.
397 silly tarball no local data for devlop@https://registry.npmjs.org/devlop/-/devlop-1.1.0.tgz. Extracting by manifest.
398 silly tarball no local data for detect-libc@https://registry.npmjs.org/detect-libc/-/detect-libc-2.1.2.tgz. Extracting by manifest.
399 silly tarball no local data for dequal@https://registry.npmjs.org/dequal/-/dequal-2.0.3.tgz. Extracting by manifest.
400 silly tarball no local data for decode-named-character-reference@https://registry.npmjs.org/decode-named-character-reference/-/decode-named-character-reference-1.3.0.tgz. Extracting by manifest.
401 silly tarball no local data for defu@https://registry.npmjs.org/defu/-/defu-6.1.7.tgz. Extracting by manifest.
402 silly tarball no local data for decimal.js@https://registry.npmjs.org/decimal.js/-/decimal.js-10.6.0.tgz. Extracting by manifest.
403 silly tarball no local data for data-urls@https://registry.npmjs.org/data-urls/-/data-urls-7.0.0.tgz. Extracting by manifest.
404 silly tarball no local data for css-tree@https://registry.npmjs.org/css-tree/-/css-tree-3.2.1.tgz. Extracting by manifest.
405 silly tarball no local data for convert-source-map@https://registry.npmjs.org/convert-source-map/-/convert-source-map-2.0.0.tgz. Extracting by manifest.
406 silly tarball no local data for csstype@https://registry.npmjs.org/csstype/-/csstype-3.2.3.tgz. Extracting by manifest.
407 silly tarball no local data for comma-separated-tokens@https://registry.npmjs.org/comma-separated-tokens/-/comma-separated-tokens-2.0.3.tgz. Extracting by manifest.
408 silly tarball no local data for character-entities-legacy@https://registry.npmjs.org/character-entities-legacy/-/character-entities-legacy-3.0.0.tgz. Extracting by manifest.
409 silly tarball no local data for debug@https://registry.npmjs.org/debug/-/debug-4.4.3.tgz. Extracting by manifest.
410 silly tarball no local data for character-entities@https://registry.npmjs.org/character-entities/-/character-entities-2.0.2.tgz. Extracting by manifest.
411 silly tarball no local data for clsx@https://registry.npmjs.org/clsx/-/clsx-2.1.1.tgz. Extracting by manifest.
412 silly tarball no local data for chai@https://registry.npmjs.org/chai/-/chai-6.2.2.tgz. Extracting by manifest.
413 silly tarball no local data for ccount@https://registry.npmjs.org/ccount/-/ccount-2.0.1.tgz. Extracting by manifest.
414 silly tarball no local data for cac@https://registry.npmjs.org/cac/-/cac-7.0.0.tgz. Extracting by manifest.
415 silly tarball no local data for assertion-error@https://registry.npmjs.org/assertion-error/-/assertion-error-2.0.1.tgz. Extracting by manifest.
416 silly tarball no local data for commander@https://registry.npmjs.org/commander/-/commander-8.3.0.tgz. Extracting by manifest.
417 silly tarball no local data for bidi-js@https://registry.npmjs.org/bidi-js/-/bidi-js-1.0.3.tgz. Extracting by manifest.
418 silly tarball no local data for character-entities-html4@https://registry.npmjs.org/character-entities-html4/-/character-entities-html4-2.1.0.tgz. Extracting by manifest.
419 silly tarball no local data for aria-query@https://registry.npmjs.org/aria-query/-/aria-query-5.3.0.tgz. Extracting by manifest.
420 silly tarball no local data for argparse@https://registry.npmjs.org/argparse/-/argparse-2.0.1.tgz. Extracting by manifest.
421 silly tarball no local data for ansis@https://registry.npmjs.org/ansis/-/ansis-4.3.1.tgz. Extracting by manifest.
422 silly tarball no local data for ansi-regex@https://registry.npmjs.org/ansi-regex/-/ansi-regex-5.0.1.tgz. Extracting by manifest.
423 silly tarball no local data for @yuku-toolchain/types@https://registry.npmjs.org/@yuku-toolchain/types/-/types-0.8.7.tgz. Extracting by manifest.
424 silly tarball no local data for @yuku-parser/binding-win32-x64@https://registry.npmjs.org/@yuku-parser/binding-win32-x64/-/binding-win32-x64-0.8.7.tgz. Extracting by manifest.
425 silly tarball no local data for ansi-styles@https://registry.npmjs.org/ansi-styles/-/ansi-styles-5.2.0.tgz. Extracting by manifest.
426 silly tarball no local data for @yuku-codegen/binding-win32-x64@https://registry.npmjs.org/@yuku-codegen/binding-win32-x64/-/binding-win32-x64-0.8.7.tgz. Extracting by manifest.
427 silly tarball no local data for anser@https://registry.npmjs.org/anser/-/anser-2.3.5.tgz. Extracting by manifest.
428 silly tarball no local data for @vitest/spy@https://registry.npmjs.org/@vitest/spy/-/spy-4.1.10.tgz. Extracting by manifest.
429 silly tarball no local data for @vitest/runner@https://registry.npmjs.org/@vitest/runner/-/runner-4.1.10.tgz. Extracting by manifest.
430 silly tarball no local data for @vitest/utils@https://registry.npmjs.org/@vitest/utils/-/utils-4.1.10.tgz. Extracting by manifest.
431 silly tarball no local data for @vitest/snapshot@https://registry.npmjs.org/@vitest/snapshot/-/snapshot-4.1.10.tgz. Extracting by manifest.
432 silly tarball no local data for @ungap/structured-clone@https://registry.npmjs.org/@ungap/structured-clone/-/structured-clone-1.3.3.tgz. Extracting by manifest.
433 silly tarball no local data for @types/prop-types@https://registry.npmjs.org/@types/prop-types/-/prop-types-15.7.15.tgz. Extracting by manifest.
434 silly tarball no local data for @vitest/mocker@https://registry.npmjs.org/@vitest/mocker/-/mocker-4.1.10.tgz. Extracting by manifest.
435 silly tarball no local data for @vitest/pretty-format@https://registry.npmjs.org/@vitest/pretty-format/-/pretty-format-4.1.10.tgz. Extracting by manifest.
436 silly tarball no local data for @typescript/typescript-win32-x64@https://registry.npmjs.org/@typescript/typescript-win32-x64/-/typescript-win32-x64-7.0.2.tgz. Extracting by manifest.
437 silly tarball no local data for @vitest/expect@https://registry.npmjs.org/@vitest/expect/-/expect-4.1.10.tgz. Extracting by manifest.
438 silly tarball no local data for @types/react@https://registry.npmjs.org/@types/react/-/react-18.3.31.tgz. Extracting by manifest.
439 silly tarball no local data for @types/unist@https://registry.npmjs.org/@types/unist/-/unist-3.0.3.tgz. Extracting by manifest.
440 silly tarball no local data for @types/node@https://registry.npmjs.org/@types/node/-/node-26.2.0.tgz. Extracting by manifest.
441 silly tarball no local data for @types/mdast@https://registry.npmjs.org/@types/mdast/-/mdast-4.0.4.tgz. Extracting by manifest.
442 silly tarball no local data for @types/ms@https://registry.npmjs.org/@types/ms/-/ms-2.1.0.tgz. Extracting by manifest.
443 silly tarball no local data for @types/katex@https://registry.npmjs.org/@types/katex/-/katex-0.16.8.tgz. Extracting by manifest.
444 silly tarball no local data for @types/hast@https://registry.npmjs.org/@types/hast/-/hast-3.0.5.tgz. Extracting by manifest.
445 silly tarball no local data for @types/estree@https://registry.npmjs.org/@types/estree/-/estree-1.0.9.tgz. Extracting by manifest.
446 silly tarball no local data for @types/deep-eql@https://registry.npmjs.org/@types/deep-eql/-/deep-eql-4.0.2.tgz. Extracting by manifest.
447 silly tarball no local data for @types/js-yaml@https://registry.npmjs.org/@types/js-yaml/-/js-yaml-4.0.9.tgz. Extracting by manifest.
448 silly tarball no local data for @types/chai@https://registry.npmjs.org/@types/chai/-/chai-5.2.3.tgz. Extracting by manifest.
449 silly tarball no local data for @types/debug@https://registry.npmjs.org/@types/debug/-/debug-4.1.13.tgz. Extracting by manifest.
450 silly tarball no local data for @types/aria-query@https://registry.npmjs.org/@types/aria-query/-/aria-query-5.0.4.tgz. Extracting by manifest.
451 silly tarball no local data for @standard-schema/spec@https://registry.npmjs.org/@standard-schema/spec/-/spec-1.1.0.tgz. Extracting by manifest.
452 silly tarball no local data for @testing-library/react@https://registry.npmjs.org/@testing-library/react/-/react-16.3.2.tgz. Extracting by manifest.
453 silly tarball no local data for @testing-library/dom@https://registry.npmjs.org/@testing-library/dom/-/dom-10.4.1.tgz. Extracting by manifest.
454 silly tarball no local data for @shikijs/types@https://registry.npmjs.org/@shikijs/types/-/types-4.4.3.tgz. Extracting by manifest.
455 silly tarball no local data for @shikijs/vscode-textmate@https://registry.npmjs.org/@shikijs/vscode-textmate/-/vscode-textmate-10.0.2.tgz. Extracting by manifest.
456 silly tarball no local data for @shikijs/langs@https://registry.npmjs.org/@shikijs/langs/-/langs-4.4.3.tgz. Extracting by manifest.
457 silly tarball no local data for @shikijs/primitive@https://registry.npmjs.org/@shikijs/primitive/-/primitive-4.4.3.tgz. Extracting by manifest.
458 silly tarball no local data for @shikijs/themes@https://registry.npmjs.org/@shikijs/themes/-/themes-4.4.3.tgz. Extracting by manifest.
459 silly tarball no local data for @rolldown/pluginutils@https://registry.npmjs.org/@rolldown/pluginutils/-/pluginutils-1.0.1.tgz. Extracting by manifest.
460 silly tarball no local data for @shikijs/engine-oniguruma@https://registry.npmjs.org/@shikijs/engine-oniguruma/-/engine-oniguruma-4.4.3.tgz. Extracting by manifest.
461 silly tarball no local data for @rolldown/binding-win32-x64-msvc@https://registry.npmjs.org/@rolldown/binding-win32-x64-msvc/-/binding-win32-x64-msvc-1.2.4.tgz. Extracting by manifest.
462 silly tarball no local data for @shikijs/engine-javascript@https://registry.npmjs.org/@shikijs/engine-javascript/-/engine-javascript-4.4.3.tgz. Extracting by manifest.
463 silly tarball no local data for @shikijs/core@https://registry.npmjs.org/@shikijs/core/-/core-4.4.3.tgz. Extracting by manifest.
464 silly tarball no local data for @oxc-project/types@https://registry.npmjs.org/@oxc-project/types/-/types-0.144.0.tgz. Extracting by manifest.
465 silly tarball no local data for @jridgewell/sourcemap-codec@https://registry.npmjs.org/@jridgewell/sourcemap-codec/-/sourcemap-codec-1.5.5.tgz. Extracting by manifest.
466 silly tarball no local data for @quansync/fs@https://registry.npmjs.org/@quansync/fs/-/fs-1.0.0.tgz. Extracting by manifest.
467 silly tarball no local data for @exodus/bytes@https://registry.npmjs.org/@exodus/bytes/-/bytes-1.15.1.tgz. Extracting by manifest.
468 silly tarball no local data for @deepseek-ai/dsh-client-ui-primitives@https://registry.npmjs.org/@deepseek-ai/dsh-client-ui-primitives/-/dsh-client-ui-primitives-0.1.0-rc.6.tgz. Extracting by manifest.
469 silly tarball no local data for @deepseek-ai/dsh-invariants@https://registry.npmjs.org/@deepseek-ai/dsh-invariants/-/dsh-invariants-0.1.0-rc.6.tgz. Extracting by manifest.
470 silly tarball no local data for @deepseek-ai/schemastery@https://registry.npmjs.org/@deepseek-ai/schemastery/-/schemastery-3.18.1.tgz. Extracting by manifest.
471 silly tarball no local data for @deepseek-ai/cosmokit@https://registry.npmjs.org/@deepseek-ai/cosmokit/-/cosmokit-1.8.2.tgz. Extracting by manifest.
472 silly tarball no local data for @deepseek-ai/cordis@https://registry.npmjs.org/@deepseek-ai/cordis/-/cordis-4.0.1.tgz. Extracting by manifest.
473 silly tarball no local data for @csstools/css-tokenizer@https://registry.npmjs.org/@csstools/css-tokenizer/-/css-tokenizer-4.0.0.tgz. Extracting by manifest.
474 silly tarball no local data for @csstools/css-syntax-patches-for-csstree@https://registry.npmjs.org/@csstools/css-syntax-patches-for-csstree/-/css-syntax-patches-for-csstree-1.1.7.tgz. Extracting by manifest.
475 silly tarball no local data for @bramus/specificity@https://registry.npmjs.org/@bramus/specificity/-/specificity-2.4.2.tgz. Extracting by manifest.
476 silly tarball no local data for @csstools/css-calc@https://registry.npmjs.org/@csstools/css-calc/-/css-calc-3.3.0.tgz. Extracting by manifest.
477 silly tarball no local data for @csstools/css-parser-algorithms@https://registry.npmjs.org/@csstools/css-parser-algorithms/-/css-parser-algorithms-4.0.0.tgz. Extracting by manifest.
478 silly tarball no local data for @csstools/color-helpers@https://registry.npmjs.org/@csstools/color-helpers/-/color-helpers-6.1.0.tgz. Extracting by manifest.
479 silly tarball no local data for @csstools/css-color-parser@https://registry.npmjs.org/@csstools/css-color-parser/-/css-color-parser-4.1.10.tgz. Extracting by manifest.
480 silly tarball no local data for @asamuzakjp/nwsapi@https://registry.npmjs.org/@asamuzakjp/nwsapi/-/nwsapi-2.3.9.tgz. Extracting by manifest.
481 silly tarball no local data for @babel/code-frame@https://registry.npmjs.org/@babel/code-frame/-/code-frame-7.29.7.tgz. Extracting by manifest.
482 silly tarball no local data for @babel/runtime@https://registry.npmjs.org/@babel/runtime/-/runtime-7.29.7.tgz. Extracting by manifest.
483 silly tarball no local data for @babel/helper-validator-identifier@https://registry.npmjs.org/@babel/helper-validator-identifier/-/helper-validator-identifier-7.29.7.tgz. Extracting by manifest.
484 silly tarball no local data for @asamuzakjp/css-color@https://registry.npmjs.org/@asamuzakjp/css-color/-/css-color-5.1.11.tgz. Extracting by manifest.
485 silly tarball no local data for @asamuzakjp/dom-selector@https://registry.npmjs.org/@asamuzakjp/dom-selector/-/dom-selector-7.1.1.tgz. Extracting by manifest.
486 silly tarball no local data for @asamuzakjp/generational-cache@https://registry.npmjs.org/@asamuzakjp/generational-cache/-/generational-cache-1.0.1.tgz. Extracting by manifest.
487 http fetch POST 200 https://registry.npmjs.org/-/npm/v1/security/advisories/bulk 855ms
488 silly audit report {}
489 http fetch GET 200 https://registry.npmjs.org/zwitch/-/zwitch-2.0.4.tgz 832ms (cache miss)
490 http fetch GET 200 https://registry.npmjs.org/webidl-conversions/-/webidl-conversions-8.0.1.tgz 855ms (cache miss)
491 http fetch GET 200 https://registry.npmjs.org/w3c-xmlserializer/-/w3c-xmlserializer-5.0.0.tgz 857ms (cache miss)
492 http fetch GET 200 https://registry.npmjs.org/xml-name-validator/-/xml-name-validator-5.0.0.tgz 858ms (cache miss)
493 http fetch GET 200 https://registry.npmjs.org/yuku-codegen/-/yuku-codegen-0.8.7.tgz 862ms (cache miss)
494 http fetch GET 200 https://registry.npmjs.org/whatwg-mimetype/-/whatwg-mimetype-5.0.0.tgz 864ms (cache miss)
495 http fetch GET 200 https://registry.npmjs.org/why-is-node-running/-/why-is-node-running-2.3.0.tgz 874ms (cache miss)
496 http fetch GET 200 https://registry.npmjs.org/xmlchars/-/xmlchars-2.2.0.tgz 879ms (cache miss)
497 http fetch GET 200 https://registry.npmjs.org/yuku-ast/-/yuku-ast-0.8.7.tgz 890ms (cache miss)
498 http fetch GET 200 https://registry.npmjs.org/yuku-parser/-/yuku-parser-0.8.7.tgz 889ms (cache miss)
499 http fetch GET 200 https://registry.npmjs.org/whatwg-url/-/whatwg-url-16.0.1.tgz 895ms (cache miss)
500 http fetch GET 200 https://registry.npmjs.org/verkit/-/verkit-0.3.2.tgz 1025ms (cache miss)
501 http fetch GET 200 https://registry.npmjs.org/unist-util-remove-position/-/unist-util-remove-position-5.0.0.tgz 1052ms (cache miss)
502 http fetch GET 200 https://registry.npmjs.org/vfile-message/-/vfile-message-4.0.3.tgz 1054ms (cache miss)
503 http fetch GET 200 https://registry.npmjs.org/unist-util-visit/-/unist-util-visit-5.1.0.tgz 1059ms (cache miss)
504 http fetch GET 200 https://registry.npmjs.org/unist-util-visit-parents/-/unist-util-visit-parents-6.0.2.tgz 1061ms (cache miss)
505 http fetch GET 200 https://registry.npmjs.org/unist-util-position/-/unist-util-position-5.0.0.tgz 1066ms (cache miss)
506 http fetch GET 200 https://registry.npmjs.org/unist-util-stringify-position/-/unist-util-stringify-position-4.0.0.tgz 1067ms (cache miss)
507 http fetch GET 200 https://registry.npmjs.org/vfile/-/vfile-6.0.3.tgz 1075ms (cache miss)
508 http fetch GET 200 https://registry.npmjs.org/unist-util-is/-/unist-util-is-6.0.1.tgz 1082ms (cache miss)
509 http fetch GET 200 https://registry.npmjs.org/unconfig-core/-/unconfig-core-7.5.0.tgz 1101ms (cache miss)
510 http fetch GET 200 https://registry.npmjs.org/undici-types/-/undici-types-8.3.0.tgz 1138ms (cache miss)
511 http fetch GET 200 https://registry.npmjs.org/npm 1427ms
512 http fetch GET 200 https://registry.npmjs.org/trim-lines/-/trim-lines-3.0.1.tgz 1284ms (cache miss)
513 http fetch GET 200 https://registry.npmjs.org/tree-kill/-/tree-kill-1.2.2.tgz 1284ms (cache miss)
514 http fetch GET 200 https://registry.npmjs.org/tinyrainbow/-/tinyrainbow-3.1.1.tgz 1284ms (cache miss)
515 http fetch GET 200 https://registry.npmjs.org/tsdown/-/tsdown-0.22.14.tgz 1307ms (cache miss)
516 http fetch GET 200 https://registry.npmjs.org/tinyglobby/-/tinyglobby-0.2.17.tgz 1321ms (cache miss)
517 http fetch GET 200 https://registry.npmjs.org/tr46/-/tr46-6.0.0.tgz 1433ms (cache miss)
518 http fetch GET 200 https://registry.npmjs.org/tinyexec/-/tinyexec-1.3.0.tgz 1453ms (cache miss)
519 http fetch GET 200 https://registry.npmjs.org/symbol-tree/-/symbol-tree-3.2.4.tgz 1463ms (cache miss)
520 http fetch GET 200 https://registry.npmjs.org/tinybench/-/tinybench-2.9.0.tgz 1483ms (cache miss)
521 http fetch GET 200 https://registry.npmjs.org/std-env/-/std-env-4.2.0.tgz 1491ms (cache miss)
522 http fetch GET 200 https://registry.npmjs.org/stringify-entities/-/stringify-entities-4.0.4.tgz 1491ms (cache miss)
523 http fetch GET 200 https://registry.npmjs.org/stackback/-/stackback-0.0.2.tgz 1506ms (cache miss)
524 http fetch GET 200 https://registry.npmjs.org/tldts-core/-/tldts-core-7.4.10.tgz 1508ms (cache miss)
525 http fetch GET 200 https://registry.npmjs.org/vitest/-/vitest-4.1.10.tgz 1539ms (cache miss)
526 http fetch GET 200 https://registry.npmjs.org/tough-cookie/-/tough-cookie-6.0.2.tgz 1557ms (cache miss)
527 http fetch GET 200 https://registry.npmjs.org/vite/-/vite-8.2.1.tgz 1567ms (cache miss)
528 http fetch GET 200 https://registry.npmjs.org/source-map-js/-/source-map-js-1.2.1.tgz 1568ms (cache miss)
529 http fetch GET 200 https://registry.npmjs.org/siginfo/-/siginfo-2.0.0.tgz 1683ms (cache miss)
530 http fetch GET 200 https://registry.npmjs.org/scheduler/-/scheduler-0.23.2.tgz 1687ms (cache miss)
531 http fetch GET 200 https://registry.npmjs.org/undici/-/undici-7.29.0.tgz 1702ms (cache miss)
532 http fetch GET 200 https://registry.npmjs.org/rolldown-plugin-dts/-/rolldown-plugin-dts-0.27.14.tgz 1704ms (cache miss)
533 http fetch GET 200 https://registry.npmjs.org/space-separated-tokens/-/space-separated-tokens-2.0.2.tgz 1711ms (cache miss)
534 http fetch GET 200 https://registry.npmjs.org/resolve-pkg-maps/-/resolve-pkg-maps-1.0.0.tgz 1718ms (cache miss)
535 http fetch GET 200 https://registry.npmjs.org/regex-recursion/-/regex-recursion-6.0.2.tgz 1726ms (cache miss)
536 http fetch GET 200 https://registry.npmjs.org/saxes/-/saxes-6.0.0.tgz 1731ms (cache miss)
537 http fetch GET 200 https://registry.npmjs.org/regex-utilities/-/regex-utilities-2.3.0.tgz 1762ms (cache miss)
538 http fetch GET 200 https://registry.npmjs.org/regex/-/regex-6.1.0.tgz 1813ms (cache miss)
539 http fetch GET 200 https://registry.npmjs.org/typescript/-/typescript-7.0.2.tgz 1874ms (cache miss)
540 http fetch GET 200 https://registry.npmjs.org/require-from-string/-/require-from-string-2.0.2.tgz 1891ms (cache miss)
541 http fetch GET 200 https://registry.npmjs.org/react-is/-/react-is-17.0.2.tgz 1896ms (cache miss)
542 http fetch GET 200 https://registry.npmjs.org/quansync/-/quansync-1.0.0.tgz 1909ms (cache miss)
543 http fetch GET 200 https://registry.npmjs.org/punycode/-/punycode-2.3.1.tgz 1925ms (cache miss)
544 http fetch GET 200 https://registry.npmjs.org/pretty-format/-/pretty-format-27.5.1.tgz 1956ms (cache miss)
545 http fetch GET 200 https://registry.npmjs.org/property-information/-/property-information-7.2.0.tgz 1967ms (cache miss)
546 http fetch GET 200 https://registry.npmjs.org/pathe/-/pathe-2.0.3.tgz 2008ms (cache miss)
547 http fetch GET 200 https://registry.npmjs.org/postcss/-/postcss-8.5.26.tgz 2014ms (cache miss)
548 http fetch GET 200 https://registry.npmjs.org/rolldown/-/rolldown-1.2.4.tgz 2073ms (cache miss)
549 http fetch GET 200 https://registry.npmjs.org/tldts/-/tldts-7.4.10.tgz 2086ms (cache miss)
550 http fetch GET 200 https://registry.npmjs.org/react/-/react-18.3.1.tgz 2087ms (cache miss)
551 http fetch GET 200 https://registry.npmjs.org/picocolors/-/picocolors-1.1.1.tgz 2102ms (cache miss)
552 http fetch GET 200 https://registry.npmjs.org/picomatch/-/picomatch-4.0.5.tgz 2110ms (cache miss)
553 http fetch GET 200 https://registry.npmjs.org/nanoid/-/nanoid-3.3.18.tgz 2125ms (cache miss)
554 http fetch GET 200 https://registry.npmjs.org/obug/-/obug-2.1.4.tgz 2171ms (cache miss)
555 http fetch GET 200 https://registry.npmjs.org/parse5/-/parse5-8.0.1.tgz 2212ms (cache miss)
556 http fetch GET 200 https://registry.npmjs.org/micromark-util-types/-/micromark-util-types-2.0.2.tgz 2214ms (cache miss)
557 http fetch GET 200 https://registry.npmjs.org/micromark-util-symbol/-/micromark-util-symbol-2.0.1.tgz 2220ms (cache miss)
558 http fetch GET 200 https://registry.npmjs.org/shiki/-/shiki-4.4.3.tgz 2259ms (cache miss)
559 http fetch GET 200 https://registry.npmjs.org/micromark-util-subtokenize/-/micromark-util-subtokenize-2.1.0.tgz 2262ms (cache miss)
560 http fetch GET 200 https://registry.npmjs.org/ms/-/ms-2.1.3.tgz 2276ms (cache miss)
561 http fetch GET 200 https://registry.npmjs.org/micromark-util-sanitize-uri/-/micromark-util-sanitize-uri-2.0.1.tgz 2289ms (cache miss)
562 http fetch GET 200 https://registry.npmjs.org/micromark-util-normalize-identifier/-/micromark-util-normalize-identifier-2.0.1.tgz 2304ms (cache miss)
563 http fetch GET 200 https://registry.npmjs.org/micromark-util-html-tag-name/-/micromark-util-html-tag-name-2.0.1.tgz 2309ms (cache miss)
564 http fetch GET 200 https://registry.npmjs.org/micromark-util-resolve-all/-/micromark-util-resolve-all-2.0.1.tgz 2341ms (cache miss)
565 http fetch GET 200 https://registry.npmjs.org/playwright/-/playwright-1.62.1.tgz 2387ms (cache miss)
566 http fetch GET 200 https://registry.npmjs.org/micromark-util-decode-string/-/micromark-util-decode-string-2.0.1.tgz 2384ms (cache miss)
567 http fetch GET 200 https://registry.npmjs.org/micromark-util-encode/-/micromark-util-encode-2.0.1.tgz 2433ms (cache miss)
568 http fetch GET 200 https://registry.npmjs.org/micromark-util-classify-character/-/micromark-util-classify-character-2.0.1.tgz 2435ms (cache miss)
569 http fetch GET 200 https://registry.npmjs.org/micromark-util-decode-numeric-character-reference/-/micromark-util-decode-numeric-character-reference-2.0.2.tgz 2442ms (cache miss)
570 http fetch GET 200 https://registry.npmjs.org/micromark-util-combine-extensions/-/micromark-util-combine-extensions-2.0.1.tgz 2464ms (cache miss)
571 http fetch GET 200 https://registry.npmjs.org/micromark-util-chunked/-/micromark-util-chunked-2.0.1.tgz 2473ms (cache miss)
572 http fetch GET 200 https://registry.npmjs.org/micromark-factory-whitespace/-/micromark-factory-whitespace-2.0.1.tgz 2502ms (cache miss)
573 http fetch GET 200 https://registry.npmjs.org/micromark-util-character/-/micromark-util-character-2.1.1.tgz 2507ms (cache miss)
574 http fetch GET 200 https://registry.npmjs.org/oniguruma-to-es/-/oniguruma-to-es-4.3.6.tgz 2514ms (cache miss)
575 http fetch GET 200 https://registry.npmjs.org/micromark-factory-title/-/micromark-factory-title-2.0.1.tgz 2522ms (cache miss)
576 http fetch GET 200 https://registry.npmjs.org/oniguruma-parser/-/oniguruma-parser-0.12.2.tgz 2557ms (cache miss)
577 http fetch GET 200 https://registry.npmjs.org/micromark-factory-space/-/micromark-factory-space-2.0.1.tgz 2573ms (cache miss)
578 http fetch GET 200 https://registry.npmjs.org/micromark-factory-destination/-/micromark-factory-destination-2.0.1.tgz 2577ms (cache miss)
579 http fetch GET 200 https://registry.npmjs.org/micromark-factory-label/-/micromark-factory-label-2.0.1.tgz 2623ms (cache miss)
580 http fetch GET 200 https://registry.npmjs.org/react-dom/-/react-dom-18.3.1.tgz 2641ms (cache miss)
581 http fetch GET 200 https://registry.npmjs.org/micromark-extension-math/-/micromark-extension-math-3.1.0.tgz 2646ms (cache miss)
582 http fetch GET 200 https://registry.npmjs.org/micromark-extension-gfm-strikethrough/-/micromark-extension-gfm-strikethrough-2.1.0.tgz 2660ms (cache miss)
583 http fetch GET 200 https://registry.npmjs.org/micromark-extension-gfm-task-list-item/-/micromark-extension-gfm-task-list-item-2.1.0.tgz 2664ms (cache miss)
584 http fetch GET 200 https://registry.npmjs.org/micromark-extension-gfm-tagfilter/-/micromark-extension-gfm-tagfilter-2.0.0.tgz 2670ms (cache miss)
585 http fetch GET 200 https://registry.npmjs.org/playwright-core/-/playwright-core-1.62.1.tgz 2678ms (cache miss)
586 http fetch GET 200 https://registry.npmjs.org/micromark-extension-gfm/-/micromark-extension-gfm-3.0.0.tgz 2689ms (cache miss)
587 http fetch GET 200 https://registry.npmjs.org/micromark-extension-gfm-table/-/micromark-extension-gfm-table-2.1.1.tgz 2693ms (cache miss)
588 http fetch GET 200 https://registry.npmjs.org/micromark-extension-gfm-autolink-literal/-/micromark-extension-gfm-autolink-literal-2.1.0.tgz 2714ms (cache miss)
589 http fetch GET 200 https://registry.npmjs.org/micromark-extension-gfm-footnote/-/micromark-extension-gfm-footnote-2.1.0.tgz 2727ms (cache miss)
590 http fetch GET 200 https://registry.npmjs.org/mdast-util-to-string/-/mdast-util-to-string-4.0.0.tgz 2785ms (cache miss)
591 http fetch GET 200 https://registry.npmjs.org/mdn-data/-/mdn-data-2.27.1.tgz 2806ms (cache miss)
592 http fetch GET 200 https://registry.npmjs.org/mdast-util-phrasing/-/mdast-util-phrasing-4.1.0.tgz 2820ms (cache miss)
593 http fetch GET 200 https://registry.npmjs.org/mdast-util-math/-/mdast-util-math-3.0.0.tgz 2840ms (cache miss)
594 http fetch GET 200 https://registry.npmjs.org/mdast-util-gfm-task-list-item/-/mdast-util-gfm-task-list-item-2.0.0.tgz 2851ms (cache miss)
595 http fetch GET 200 https://registry.npmjs.org/mdast-util-gfm-table/-/mdast-util-gfm-table-2.0.0.tgz 2853ms (cache miss)
596 http fetch GET 200 https://registry.npmjs.org/mdast-util-gfm-footnote/-/mdast-util-gfm-footnote-2.1.0.tgz 2859ms (cache miss)
597 http fetch GET 200 https://registry.npmjs.org/mdast-util-gfm-strikethrough/-/mdast-util-gfm-strikethrough-2.0.0.tgz 2862ms (cache miss)
598 http fetch GET 200 https://registry.npmjs.org/mdast-util-gfm-autolink-literal/-/mdast-util-gfm-autolink-literal-2.0.1.tgz 2901ms (cache miss)
599 http fetch GET 200 https://registry.npmjs.org/mdast-util-gfm/-/mdast-util-gfm-3.1.0.tgz 2932ms (cache miss)
600 http fetch GET 200 https://registry.npmjs.org/mdast-util-from-markdown/-/mdast-util-from-markdown-2.0.3.tgz 2954ms (cache miss)
601 http fetch GET 200 https://registry.npmjs.org/mdast-util-find-and-replace/-/mdast-util-find-and-replace-3.0.2.tgz 2954ms (cache miss)
602 http fetch GET 200 https://registry.npmjs.org/markdown-table/-/markdown-table-3.0.4.tgz 2961ms (cache miss)
603 http fetch GET 200 https://registry.npmjs.org/micromark/-/micromark-4.0.2.tgz 2969ms (cache miss)
604 http fetch GET 200 https://registry.npmjs.org/magic-string/-/magic-string-0.30.21.tgz 2987ms (cache miss)
605 http fetch GET 200 https://registry.npmjs.org/micromark-core-commonmark/-/micromark-core-commonmark-2.0.3.tgz 3007ms (cache miss)
606 http fetch GET 200 https://registry.npmjs.org/lz-string/-/lz-string-1.5.0.tgz 3013ms (cache miss)
607 http fetch GET 200 https://registry.npmjs.org/longest-streak/-/longest-streak-3.1.0.tgz 3025ms (cache miss)
608 http fetch GET 200 https://registry.npmjs.org/loose-envify/-/loose-envify-1.4.0.tgz 3046ms (cache miss)
609 http fetch GET 200 https://registry.npmjs.org/mdast-util-to-hast/-/mdast-util-to-hast-13.2.1.tgz 3062ms (cache miss)
610 http fetch GET 200 https://registry.npmjs.org/js-tokens/-/js-tokens-4.0.0.tgz 3062ms (cache miss)
611 http fetch GET 200 https://registry.npmjs.org/mdast-util-to-markdown/-/mdast-util-to-markdown-2.1.2.tgz 3089ms (cache miss)
612 http fetch GET 200 https://registry.npmjs.org/import-without-cache/-/import-without-cache-0.4.0.tgz 3119ms (cache miss)
613 http fetch GET 200 https://registry.npmjs.org/html-void-elements/-/html-void-elements-3.0.0.tgz 3138ms (cache miss)
614 http fetch GET 200 https://registry.npmjs.org/html-encoding-sniffer/-/html-encoding-sniffer-6.0.0.tgz 3141ms (cache miss)
615 http fetch GET 200 https://registry.npmjs.org/lightningcss/-/lightningcss-1.33.0.tgz 3162ms (cache miss)
616 http fetch GET 200 https://registry.npmjs.org/is-potential-custom-element-name/-/is-potential-custom-element-name-1.0.1.tgz 3163ms (cache miss)
617 http fetch GET 200 https://registry.npmjs.org/hast-util-whitespace/-/hast-util-whitespace-3.0.0.tgz 3174ms (cache miss)
618 http fetch GET 200 https://registry.npmjs.org/js-yaml/-/js-yaml-4.3.1.tgz 3177ms (cache miss)
619 http fetch GET 200 https://registry.npmjs.org/get-tsconfig/-/get-tsconfig-5.0.0-beta.5.tgz 3195ms (cache miss)
620 http fetch GET 200 https://registry.npmjs.org/fdir/-/fdir-6.5.0.tgz 3237ms (cache miss)
621 http fetch GET 200 https://registry.npmjs.org/estree-walker/-/estree-walker-3.0.3.tgz 3246ms (cache miss)
622 http fetch GET 200 https://registry.npmjs.org/hookable/-/hookable-6.1.1.tgz 3257ms (cache miss)
623 http fetch GET 200 https://registry.npmjs.org/escape-string-regexp/-/escape-string-regexp-5.0.0.tgz 3311ms (cache miss)
624 http fetch GET 200 https://registry.npmjs.org/dts-resolver/-/dts-resolver-3.0.0.tgz 3353ms (cache miss)
625 http fetch GET 200 https://registry.npmjs.org/empathic/-/empathic-2.0.1.tgz 3365ms (cache miss)
626 http fetch GET 200 https://registry.npmjs.org/expect-type/-/expect-type-1.4.0.tgz 3367ms (cache miss)
627 http fetch GET 200 https://registry.npmjs.org/es-module-lexer/-/es-module-lexer-2.3.1.tgz 3416ms (cache miss)
628 http fetch GET 200 https://registry.npmjs.org/lru-cache/-/lru-cache-11.5.2.tgz 3424ms (cache miss)
629 http fetch GET 200 https://registry.npmjs.org/detect-libc/-/detect-libc-2.1.2.tgz 3445ms (cache miss)
630 http fetch GET 200 https://registry.npmjs.org/devlop/-/devlop-1.1.0.tgz 3455ms (cache miss)
631 http fetch GET 200 https://registry.npmjs.org/dequal/-/dequal-2.0.3.tgz 3467ms (cache miss)
632 http fetch GET 200 https://registry.npmjs.org/hast-util-to-html/-/hast-util-to-html-9.0.5.tgz 3488ms (cache miss)
633 http fetch GET 200 https://registry.npmjs.org/decode-named-character-reference/-/decode-named-character-reference-1.3.0.tgz 3517ms (cache miss)
634 http fetch GET 200 https://registry.npmjs.org/dom-accessibility-api/-/dom-accessibility-api-0.5.16.tgz 3542ms (cache miss)
635 http fetch GET 200 https://registry.npmjs.org/entities/-/entities-8.0.0.tgz 3544ms (cache miss)
636 http fetch GET 200 https://registry.npmjs.org/data-urls/-/data-urls-7.0.0.tgz 3558ms (cache miss)
637 http fetch GET 200 https://registry.npmjs.org/defu/-/defu-6.1.7.tgz 3566ms (cache miss)
638 http fetch GET 200 https://registry.npmjs.org/convert-source-map/-/convert-source-map-2.0.0.tgz 3581ms (cache miss)
639 http fetch GET 200 https://registry.npmjs.org/decimal.js/-/decimal.js-10.6.0.tgz 3596ms (cache miss)
640 http fetch GET 200 https://registry.npmjs.org/comma-separated-tokens/-/comma-separated-tokens-2.0.3.tgz 3606ms (cache miss)
641 http fetch GET 200 https://registry.npmjs.org/character-entities-legacy/-/character-entities-legacy-3.0.0.tgz 3618ms (cache miss)
642 http fetch GET 200 https://registry.npmjs.org/csstype/-/csstype-3.2.3.tgz 3624ms (cache miss)
643 http fetch GET 200 https://registry.npmjs.org/debug/-/debug-4.4.3.tgz 3638ms (cache miss)
644 http fetch GET 200 https://registry.npmjs.org/character-entities/-/character-entities-2.0.2.tgz 3644ms (cache miss)
645 http fetch GET 200 https://registry.npmjs.org/clsx/-/clsx-2.1.1.tgz 3669ms (cache miss)
646 http fetch GET 200 https://registry.npmjs.org/chai/-/chai-6.2.2.tgz 3684ms (cache miss)
647 http fetch GET 200 https://registry.npmjs.org/lightningcss-win32-x64-msvc/-/lightningcss-win32-x64-msvc-1.33.0.tgz 3707ms (cache miss)
648 http fetch GET 200 https://registry.npmjs.org/ccount/-/ccount-2.0.1.tgz 3708ms (cache miss)
649 http fetch GET 200 https://registry.npmjs.org/cac/-/cac-7.0.0.tgz 3772ms (cache miss)
650 http fetch GET 200 https://registry.npmjs.org/assertion-error/-/assertion-error-2.0.1.tgz 3784ms (cache miss)
651 http fetch GET 200 https://registry.npmjs.org/character-entities-html4/-/character-entities-html4-2.1.0.tgz 3803ms (cache miss)
652 http fetch GET 200 https://registry.npmjs.org/commander/-/commander-8.3.0.tgz 3818ms (cache miss)
653 http fetch GET 200 https://registry.npmjs.org/argparse/-/argparse-2.0.1.tgz 3820ms (cache miss)
654 http fetch GET 200 https://registry.npmjs.org/bidi-js/-/bidi-js-1.0.3.tgz 3827ms (cache miss)
655 http fetch GET 200 https://registry.npmjs.org/ansis/-/ansis-4.3.1.tgz 3831ms (cache miss)
656 http fetch GET 200 https://registry.npmjs.org/@yuku-toolchain/types/-/types-0.8.7.tgz 3846ms (cache miss)
657 http fetch GET 200 https://registry.npmjs.org/ansi-regex/-/ansi-regex-5.0.1.tgz 3847ms (cache miss)
658 http fetch GET 200 https://registry.npmjs.org/ansi-styles/-/ansi-styles-5.2.0.tgz 3894ms (cache miss)
659 http fetch GET 200 https://registry.npmjs.org/anser/-/anser-2.3.5.tgz 3910ms (cache miss)
660 http fetch GET 200 https://registry.npmjs.org/katex/-/katex-0.16.47.tgz 3934ms (cache miss)
661 http fetch GET 200 https://registry.npmjs.org/@vitest/spy/-/spy-4.1.10.tgz 3940ms (cache miss)
662 http fetch GET 200 https://registry.npmjs.org/@yuku-codegen/binding-win32-x64/-/binding-win32-x64-0.8.7.tgz 3950ms (cache miss)
663 http fetch GET 200 https://registry.npmjs.org/@ungap/structured-clone/-/structured-clone-1.3.3.tgz 4001ms (cache miss)
664 http fetch GET 200 https://registry.npmjs.org/@vitest/snapshot/-/snapshot-4.1.10.tgz 4017ms (cache miss)
665 http fetch GET 200 https://registry.npmjs.org/@types/prop-types/-/prop-types-15.7.15.tgz 4023ms (cache miss)
666 http fetch GET 200 https://registry.npmjs.org/@vitest/runner/-/runner-4.1.10.tgz 4043ms (cache miss)
667 http fetch GET 200 https://registry.npmjs.org/@vitest/pretty-format/-/pretty-format-4.1.10.tgz 4045ms (cache miss)
668 http fetch GET 200 https://registry.npmjs.org/@vitest/expect/-/expect-4.1.10.tgz 4074ms (cache miss)
669 http fetch GET 200 https://registry.npmjs.org/@vitest/utils/-/utils-4.1.10.tgz 4091ms (cache miss)
670 http fetch GET 200 https://registry.npmjs.org/@types/react/-/react-18.3.31.tgz 4095ms (cache miss)
671 http fetch GET 200 https://registry.npmjs.org/@vitest/mocker/-/mocker-4.1.10.tgz 4102ms (cache miss)
672 http fetch GET 200 https://registry.npmjs.org/@types/unist/-/unist-3.0.3.tgz 4110ms (cache miss)
673 http fetch GET 200 https://registry.npmjs.org/@types/mdast/-/mdast-4.0.4.tgz 4135ms (cache miss)
674 http fetch GET 200 https://registry.npmjs.org/@types/ms/-/ms-2.1.0.tgz 4156ms (cache miss)
675 http fetch GET 200 https://registry.npmjs.org/@types/hast/-/hast-3.0.5.tgz 4202ms (cache miss)
676 http fetch GET 200 https://registry.npmjs.org/@types/katex/-/katex-0.16.8.tgz 4204ms (cache miss)
677 http fetch GET 200 https://registry.npmjs.org/@types/js-yaml/-/js-yaml-4.0.9.tgz 4239ms (cache miss)
678 http fetch GET 200 https://registry.npmjs.org/@types/estree/-/estree-1.0.9.tgz 4241ms (cache miss)
679 http fetch GET 200 https://registry.npmjs.org/@types/deep-eql/-/deep-eql-4.0.2.tgz 4246ms (cache miss)
680 http fetch GET 200 https://registry.npmjs.org/@types/chai/-/chai-5.2.3.tgz 4245ms (cache miss)
681 http fetch GET 200 https://registry.npmjs.org/@types/debug/-/debug-4.1.13.tgz 4253ms (cache miss)
682 http fetch GET 200 https://registry.npmjs.org/@types/aria-query/-/aria-query-5.0.4.tgz 4264ms (cache miss)
683 http fetch GET 200 https://registry.npmjs.org/@yuku-parser/binding-win32-x64/-/binding-win32-x64-0.8.7.tgz 4282ms (cache miss)
684 http fetch GET 200 https://registry.npmjs.org/@standard-schema/spec/-/spec-1.1.0.tgz 4292ms (cache miss)
685 http fetch GET 200 https://registry.npmjs.org/aria-query/-/aria-query-5.3.0.tgz 4328ms (cache miss)
686 http fetch GET 200 https://registry.npmjs.org/css-tree/-/css-tree-3.2.1.tgz 4355ms (cache miss)
687 http fetch GET 200 https://registry.npmjs.org/@shikijs/types/-/types-4.4.3.tgz 4355ms (cache miss)
688 http fetch GET 200 https://registry.npmjs.org/@types/node/-/node-26.2.0.tgz 4359ms (cache miss)
689 http fetch GET 200 https://registry.npmjs.org/@shikijs/vscode-textmate/-/vscode-textmate-10.0.2.tgz 4373ms (cache miss)
690 http fetch GET 200 https://registry.npmjs.org/@shikijs/primitive/-/primitive-4.4.3.tgz 4427ms (cache miss)
691 http fetch GET 200 https://registry.npmjs.org/@rolldown/pluginutils/-/pluginutils-1.0.1.tgz 4466ms (cache miss)
692 http fetch GET 200 https://registry.npmjs.org/@shikijs/engine-javascript/-/engine-javascript-4.4.3.tgz 4481ms (cache miss)
693 http fetch GET 200 https://registry.npmjs.org/@testing-library/react/-/react-16.3.2.tgz 4492ms (cache miss)
694 http fetch GET 200 https://registry.npmjs.org/@shikijs/core/-/core-4.4.3.tgz 4500ms (cache miss)
695 http fetch GET 200 https://registry.npmjs.org/@oxc-project/types/-/types-0.144.0.tgz 4502ms (cache miss)
696 http fetch GET 200 https://registry.npmjs.org/@shikijs/engine-oniguruma/-/engine-oniguruma-4.4.3.tgz 4503ms (cache miss)
697 http fetch GET 200 https://registry.npmjs.org/@testing-library/dom/-/dom-10.4.1.tgz 4518ms (cache miss)
698 http fetch GET 200 https://registry.npmjs.org/@jridgewell/sourcemap-codec/-/sourcemap-codec-1.5.5.tgz 4562ms (cache miss)
699 http fetch GET 200 https://registry.npmjs.org/@quansync/fs/-/fs-1.0.0.tgz 4577ms (cache miss)
700 http fetch GET 200 https://registry.npmjs.org/@deepseek-ai/dsh-invariants/-/dsh-invariants-0.1.0-rc.6.tgz 4643ms (cache miss)
701 http fetch GET 200 https://registry.npmjs.org/@deepseek-ai/schemastery/-/schemastery-3.18.1.tgz 4644ms (cache miss)
702 http fetch GET 200 https://registry.npmjs.org/@csstools/css-tokenizer/-/css-tokenizer-4.0.0.tgz 4695ms (cache miss)
703 http fetch GET 200 https://registry.npmjs.org/@csstools/css-syntax-patches-for-csstree/-/css-syntax-patches-for-csstree-1.1.7.tgz 4706ms (cache miss)
704 http fetch GET 200 https://registry.npmjs.org/@exodus/bytes/-/bytes-1.15.1.tgz 4741ms (cache miss)
705 http fetch GET 200 https://registry.npmjs.org/@deepseek-ai/dsh-client-ui-primitives/-/dsh-client-ui-primitives-0.1.0-rc.6.tgz 4743ms (cache miss)
706 http fetch GET 200 https://registry.npmjs.org/@csstools/css-calc/-/css-calc-3.3.0.tgz 4747ms (cache miss)
707 http fetch GET 200 https://registry.npmjs.org/@deepseek-ai/cosmokit/-/cosmokit-1.8.2.tgz 4757ms (cache miss)
708 http fetch GET 200 https://registry.npmjs.org/@csstools/css-parser-algorithms/-/css-parser-algorithms-4.0.0.tgz 4782ms (cache miss)
709 http fetch GET 200 https://registry.npmjs.org/@deepseek-ai/cordis/-/cordis-4.0.1.tgz 4785ms (cache miss)
710 http fetch GET 200 https://registry.npmjs.org/@bramus/specificity/-/specificity-2.4.2.tgz 4786ms (cache miss)
711 http fetch GET 200 https://registry.npmjs.org/@csstools/css-color-parser/-/css-color-parser-4.1.10.tgz 4811ms (cache miss)
712 http fetch GET 200 https://registry.npmjs.org/@csstools/color-helpers/-/color-helpers-6.1.0.tgz 4813ms (cache miss)
713 http fetch GET 200 https://registry.npmjs.org/@shikijs/themes/-/themes-4.4.3.tgz 4852ms (cache miss)
714 http fetch GET 200 https://registry.npmjs.org/@asamuzakjp/nwsapi/-/nwsapi-2.3.9.tgz 4854ms (cache miss)
715 http fetch GET 200 https://registry.npmjs.org/@babel/code-frame/-/code-frame-7.29.7.tgz 4885ms (cache miss)
716 http fetch GET 200 https://registry.npmjs.org/@babel/helper-validator-identifier/-/helper-validator-identifier-7.29.7.tgz 4894ms (cache miss)
717 http fetch GET 200 https://registry.npmjs.org/@asamuzakjp/generational-cache/-/generational-cache-1.0.1.tgz 4903ms (cache miss)
718 http fetch GET 200 https://registry.npmjs.org/@asamuzakjp/css-color/-/css-color-5.1.11.tgz 5052ms (cache miss)
719 http fetch GET 200 https://registry.npmjs.org/@asamuzakjp/dom-selector/-/dom-selector-7.1.1.tgz 5087ms (cache miss)
720 http fetch GET 200 https://registry.npmjs.org/jsdom/-/jsdom-29.1.1.tgz 5354ms (cache miss)
721 http fetch GET 200 https://registry.npmjs.org/@babel/runtime/-/runtime-7.29.7.tgz 5438ms (cache miss)
722 http fetch GET 200 https://registry.npmjs.org/@rolldown/binding-win32-x64-msvc/-/binding-win32-x64-msvc-1.2.4.tgz 5577ms (cache miss)
723 http fetch GET 200 https://registry.npmjs.org/@typescript/typescript-win32-x64/-/typescript-win32-x64-7.0.2.tgz 5628ms (cache miss)
724 http fetch GET 200 https://registry.npmjs.org/@shikijs/langs/-/langs-4.4.3.tgz 5961ms (cache miss)
725 silly ADD node_modules/zwitch
726 silly ADD node_modules/yuku-parser
727 silly ADD node_modules/yuku-codegen
728 silly ADD node_modules/yuku-ast
729 silly ADD node_modules/xmlchars
730 silly ADD node_modules/xml-name-validator
731 silly ADD node_modules/why-is-node-running
732 silly ADD node_modules/whatwg-url
733 silly ADD node_modules/whatwg-mimetype
734 silly ADD node_modules/webidl-conversions
735 silly ADD node_modules/w3c-xmlserializer
736 silly ADD node_modules/vitest
737 silly ADD node_modules/vite
738 silly ADD node_modules/vfile-message
739 silly ADD node_modules/vfile
740 silly ADD node_modules/verkit
741 silly ADD node_modules/unist-util-visit-parents
742 silly ADD node_modules/unist-util-visit
743 silly ADD node_modules/unist-util-stringify-position
744 silly ADD node_modules/unist-util-remove-position
745 silly ADD node_modules/unist-util-position
746 silly ADD node_modules/unist-util-is
747 silly ADD node_modules/undici-types
748 silly ADD node_modules/undici
749 silly ADD node_modules/unconfig-core
750 silly ADD node_modules/typescript
751 silly ADD node_modules/tsdown
752 silly ADD node_modules/trim-lines
753 silly ADD node_modules/tree-kill
754 silly ADD node_modules/tr46
755 silly ADD node_modules/tough-cookie
756 silly ADD node_modules/tldts-core
757 silly ADD node_modules/tldts
758 silly ADD node_modules/tinyrainbow
759 silly ADD node_modules/tinyglobby
760 silly ADD node_modules/tinyexec
761 silly ADD node_modules/tinybench
762 silly ADD node_modules/symbol-tree
763 silly ADD node_modules/stringify-entities
764 silly ADD node_modules/std-env
765 silly ADD node_modules/stackback
766 silly ADD node_modules/space-separated-tokens
767 silly ADD node_modules/source-map-js
768 silly ADD node_modules/siginfo
769 silly ADD node_modules/shiki
770 silly ADD node_modules/scheduler
771 silly ADD node_modules/saxes
772 silly ADD node_modules/rolldown-plugin-dts
773 silly ADD node_modules/rolldown
774 silly ADD node_modules/resolve-pkg-maps
775 silly ADD node_modules/require-from-string
776 silly ADD node_modules/regex-utilities
777 silly ADD node_modules/regex-recursion
778 silly ADD node_modules/regex
779 silly ADD node_modules/react-is
780 silly ADD node_modules/react-dom
781 silly ADD node_modules/react
782 silly ADD node_modules/quansync
783 silly ADD node_modules/punycode
784 silly ADD node_modules/property-information
785 silly ADD node_modules/pretty-format
786 silly ADD node_modules/postcss
787 silly ADD node_modules/playwright-core
788 silly ADD node_modules/playwright
789 silly ADD node_modules/picomatch
790 silly ADD node_modules/picocolors
791 silly ADD node_modules/pathe
792 silly ADD node_modules/parse5
793 silly ADD node_modules/oniguruma-to-es
794 silly ADD node_modules/oniguruma-parser
795 silly ADD node_modules/obug
796 silly ADD node_modules/nanoid
797 silly ADD node_modules/ms
798 silly ADD node_modules/micromark-util-types
799 silly ADD node_modules/micromark-util-symbol
800 silly ADD node_modules/micromark-util-subtokenize
801 silly ADD node_modules/micromark-util-sanitize-uri
802 silly ADD node_modules/micromark-util-resolve-all
803 silly ADD node_modules/micromark-util-normalize-identifier
804 silly ADD node_modules/micromark-util-html-tag-name
805 silly ADD node_modules/micromark-util-encode
806 silly ADD node_modules/micromark-util-decode-string
807 silly ADD node_modules/micromark-util-decode-numeric-character-reference
808 silly ADD node_modules/micromark-util-combine-extensions
809 silly ADD node_modules/micromark-util-classify-character
810 silly ADD node_modules/micromark-util-chunked
811 silly ADD node_modules/micromark-util-character
812 silly ADD node_modules/micromark-factory-whitespace
813 silly ADD node_modules/micromark-factory-title
814 silly ADD node_modules/micromark-factory-space
815 silly ADD node_modules/micromark-factory-label
816 silly ADD node_modules/micromark-factory-destination
817 silly ADD node_modules/micromark-extension-math
818 silly ADD node_modules/micromark-extension-gfm-task-list-item
819 silly ADD node_modules/micromark-extension-gfm-tagfilter
820 silly ADD node_modules/micromark-extension-gfm-table
821 silly ADD node_modules/micromark-extension-gfm-strikethrough
822 silly ADD node_modules/micromark-extension-gfm-footnote
823 silly ADD node_modules/micromark-extension-gfm-autolink-literal
824 silly ADD node_modules/micromark-extension-gfm
825 silly ADD node_modules/micromark-core-commonmark
826 silly ADD node_modules/micromark
827 silly ADD node_modules/mdn-data
828 silly ADD node_modules/mdast-util-to-string
829 silly ADD node_modules/mdast-util-to-markdown
830 silly ADD node_modules/mdast-util-to-hast
831 silly ADD node_modules/mdast-util-phrasing
832 silly ADD node_modules/mdast-util-math
833 silly ADD node_modules/mdast-util-gfm-task-list-item
834 silly ADD node_modules/mdast-util-gfm-table
835 silly ADD node_modules/mdast-util-gfm-strikethrough
836 silly ADD node_modules/mdast-util-gfm-footnote
837 silly ADD node_modules/mdast-util-gfm-autolink-literal
838 silly ADD node_modules/mdast-util-gfm
839 silly ADD node_modules/mdast-util-from-markdown
840 silly ADD node_modules/mdast-util-find-and-replace
841 silly ADD node_modules/markdown-table
842 silly ADD node_modules/magic-string
843 silly ADD node_modules/lz-string
844 silly ADD node_modules/lru-cache
845 silly ADD node_modules/loose-envify
846 silly ADD node_modules/longest-streak
847 silly ADD node_modules/lightningcss-win32-x64-msvc
848 silly ADD node_modules/lightningcss
849 silly ADD node_modules/katex
850 silly ADD node_modules/jsdom
851 silly ADD node_modules/js-yaml
852 silly ADD node_modules/js-tokens
853 silly ADD node_modules/is-potential-custom-element-name
854 silly ADD node_modules/import-without-cache
855 silly ADD node_modules/html-void-elements
856 silly ADD node_modules/html-encoding-sniffer
857 silly ADD node_modules/hookable
858 silly ADD node_modules/hast-util-whitespace
859 silly ADD node_modules/hast-util-to-html
860 silly ADD node_modules/get-tsconfig
861 silly ADD node_modules/fdir
862 silly ADD node_modules/expect-type
863 silly ADD node_modules/estree-walker
864 silly ADD node_modules/escape-string-regexp
865 silly ADD node_modules/es-module-lexer
866 silly ADD node_modules/entities
867 silly ADD node_modules/empathic
868 silly ADD node_modules/dts-resolver
869 silly ADD node_modules/dom-accessibility-api
870 silly ADD node_modules/devlop
871 silly ADD node_modules/detect-libc
872 silly ADD node_modules/dequal
873 silly ADD node_modules/defu
874 silly ADD node_modules/decode-named-character-reference
875 silly ADD node_modules/decimal.js
876 silly ADD node_modules/debug
877 silly ADD node_modules/data-urls
878 silly ADD node_modules/csstype
879 silly ADD node_modules/css-tree
880 silly ADD node_modules/convert-source-map
881 silly ADD node_modules/commander
882 silly ADD node_modules/comma-separated-tokens
883 silly ADD node_modules/clsx
884 silly ADD node_modules/character-entities-legacy
885 silly ADD node_modules/character-entities-html4
886 silly ADD node_modules/character-entities
887 silly ADD node_modules/chai
888 silly ADD node_modules/ccount
889 silly ADD node_modules/cac
890 silly ADD node_modules/bidi-js
891 silly ADD node_modules/assertion-error
892 silly ADD node_modules/aria-query
893 silly ADD node_modules/argparse
894 silly ADD node_modules/ansis
895 silly ADD node_modules/ansi-styles
896 silly ADD node_modules/ansi-regex
897 silly ADD node_modules/anser
898 silly ADD node_modules/@yuku-toolchain/types
899 silly ADD node_modules/@yuku-parser/binding-win32-x64
900 silly ADD node_modules/@yuku-codegen/binding-win32-x64
901 silly ADD node_modules/@vitest/utils
902 silly ADD node_modules/@vitest/spy
903 silly ADD node_modules/@vitest/snapshot
904 silly ADD node_modules/@vitest/runner
905 silly ADD node_modules/@vitest/pretty-format
906 silly ADD node_modules/@vitest/mocker
907 silly ADD node_modules/@vitest/expect
908 silly ADD node_modules/@ungap/structured-clone
909 silly ADD node_modules/@typescript/typescript-win32-x64
910 silly ADD node_modules/@types/unist
911 silly ADD node_modules/@types/react
912 silly ADD node_modules/@types/prop-types
913 silly ADD node_modules/@types/node
914 silly ADD node_modules/@types/ms
915 silly ADD node_modules/@types/mdast
916 silly ADD node_modules/@types/katex
917 silly ADD node_modules/@types/js-yaml
918 silly ADD node_modules/@types/hast
919 silly ADD node_modules/@types/estree
920 silly ADD node_modules/@types/deep-eql
921 silly ADD node_modules/@types/debug
922 silly ADD node_modules/@types/chai
923 silly ADD node_modules/@types/aria-query
924 silly ADD node_modules/@testing-library/react
925 silly ADD node_modules/@testing-library/dom
926 silly ADD node_modules/@standard-schema/spec
927 silly ADD node_modules/@shikijs/vscode-textmate
928 silly ADD node_modules/@shikijs/types
929 silly ADD node_modules/@shikijs/themes
930 silly ADD node_modules/@shikijs/primitive
931 silly ADD node_modules/@shikijs/langs
932 silly ADD node_modules/@shikijs/engine-oniguruma
933 silly ADD node_modules/@shikijs/engine-javascript
934 silly ADD node_modules/@shikijs/core
935 silly ADD node_modules/@rolldown/pluginutils
936 silly ADD node_modules/@rolldown/binding-win32-x64-msvc
937 silly ADD node_modules/@quansync/fs
938 silly ADD node_modules/@oxc-project/types
939 silly ADD node_modules/@jridgewell/sourcemap-codec
940 silly ADD node_modules/@exodus/bytes
941 silly ADD node_modules/@deepseek-ai/schemastery
942 silly ADD node_modules/@deepseek-ai/dsh-invariants
943 silly ADD node_modules/@deepseek-ai/dsh-client-ui-primitives
944 silly ADD node_modules/@deepseek-ai/cosmokit
945 silly ADD node_modules/@deepseek-ai/cordis
946 silly ADD node_modules/@csstools/css-tokenizer
947 silly ADD node_modules/@csstools/css-syntax-patches-for-csstree
948 silly ADD node_modules/@csstools/css-parser-algorithms
949 silly ADD node_modules/@csstools/css-color-parser
950 silly ADD node_modules/@csstools/css-calc
951 silly ADD node_modules/@csstools/color-helpers
952 silly ADD node_modules/@bramus/specificity
953 silly ADD node_modules/@babel/runtime
954 silly ADD node_modules/@babel/helper-validator-identifier
955 silly ADD node_modules/@babel/code-frame
956 silly ADD node_modules/@asamuzakjp/nwsapi
957 silly ADD node_modules/@asamuzakjp/generational-cache
958 silly ADD node_modules/@asamuzakjp/dom-selector
959 silly ADD node_modules/@asamuzakjp/css-color
960 verbose cwd d:\Project\Deepseek harness\.pnpm-store\v11\tmp\_tmp_loSdnw
961 verbose os Windows_NT 10.0.26200
962 verbose node v24.13.0
963 verbose npm  v11.6.2
964 notice
964 notice New minor version of npm available! 11.6.2 -> 11.19.0
964 notice Changelog: https://github.com/npm/cli/releases/tag/v11.19.0
964 notice To update run: npm install -g npm@11.19.0
964 notice  { force: true, Symbol(proc-log.meta): true }
965 verbose exit 0
966 info ok
